Code_pays,Country,Somme de Political_Stability,Année
4,Afghanistan,-2.44,2000
4,Afghanistan,-2.4611111111111112,2001
4,Afghanistan,-2.04,2002
4,Afghanistan,-2.2,2003
4,Afghanistan,-2.3,2004
4,Afghanistan,-2.07,2005
4,Afghanistan,-2.22,2006
4,Afghanistan,-2.41,2007
4,Afghanistan,-2.69,2008
4,Afghanistan,-2.71,2009
4,Afghanistan,-2.58,2010
4,Afghanistan,-2.5,2011
4,Afghanistan,-2.42,2012
4,Afghanistan,-2.52,2013
4,Afghanistan,-2.41,2014
4,Afghanistan,-2.57,2015
4,Afghanistan,-2.67,2016
4,Afghanistan,-2.8,2017
4,Afghanistan,-2.75,2018
8,Albania,-0.54,2000
8,Albania,-0.0805555555555556,2001
8,Albania,-0.29,2002
8,Albania,-0.31,2003
8,Albania,-0.43,2004
8,Albania,-0.51,2005
8,Albania,-0.51,2006
8,Albania,-0.2,2007
8,Albania,-0.03,2008
8,Albania,-0.05,2009
8,Albania,-0.19,2010
8,Albania,-0.28,2011
8,Albania,-0.14,2012
8,Albania,0.09,2013
8,Albania,0.49,2014
8,Albania,0.35,2015
8,Albania,0.34,2016
8,Albania,0.38,2017
8,Albania,0.38,2018
12,Algeria,-1.43,2000
12,Algeria,-1.2166666666666668,2001
12,Algeria,-1.63,2002
12,Algeria,-1.75,2003
12,Algeria,-1.36,2004
12,Algeria,-0.92,2005
12,Algeria,-1.13,2006
12,Algeria,-1.15,2007
12,Algeria,-1.09,2008
12,Algeria,-1.2,2009
12,Algeria,-1.26,2010
12,Algeria,-1.36,2011
12,Algeria,-1.33,2012
12,Algeria,-1.2,2013
12,Algeria,-1.19,2014
12,Algeria,-1.09,2015
12,Algeria,-1.1,2016
12,Algeria,-0.92,2017
12,Algeria,-0.79,2018
16,American Samoa,0.98,2001
16,American Samoa,0.74,2004
16,American Samoa,0.75,2005
16,American Samoa,0.7,2006
16,American Samoa,0.97,2007
16,American Samoa,0.98,2008
16,American Samoa,0.95,2009
16,American Samoa,0.92,2010
16,American Samoa,0.93,2011
16,American Samoa,0.95,2012
16,American Samoa,0.93,2013
16,American Samoa,1.08,2014
16,American Samoa,1.18,2015
16,American Samoa,1.19,2016
16,American Samoa,1.22,2017
16,American Samoa,1.21,2018
20,Andorra,1.17,2000
20,Andorra,1.3394444444444444,2001
20,Andorra,1.28,2002
20,Andorra,1.46,2003
20,Andorra,1.4,2004
20,Andorra,1.38,2005
20,Andorra,1.35,2006
20,Andorra,1.34,2007
20,Andorra,1.34,2008
20,Andorra,1.3,2009
20,Andorra,1.28,2010
20,Andorra,1.3,2011
20,Andorra,1.29,2012
20,Andorra,1.28,2013
20,Andorra,1.29,2014
20,Andorra,1.39,2015
20,Andorra,1.41,2016
20,Andorra,1.42,2017
20,Andorra,1.43,2018
24,Angola,-2.04,2000
24,Angola,-0.6488888888888891,2001
24,Angola,-1.58,2002
24,Angola,-1.01,2003
24,Angola,-1.06,2004
24,Angola,-0.89,2005
24,Angola,-0.54,2006
24,Angola,-0.67,2007
24,Angola,-0.36,2008
24,Angola,-0.35,2009
24,Angola,-0.23,2010
24,Angola,-0.37,2011
24,Angola,-0.39,2012
24,Angola,-0.39,2013
24,Angola,-0.33,2014
24,Angola,-0.5,2015
24,Angola,-0.32,2016
24,Angola,-0.33,2017
24,Angola,-0.32,2018
28,Antigua and Barbuda,0.71,2000
28,Antigua and Barbuda,0.8644444444444445,2001
28,Antigua and Barbuda,0.79,2002
28,Antigua and Barbuda,0.87,2003
28,Antigua and Barbuda,1.09,2004
28,Antigua and Barbuda,0.83,2005
28,Antigua and Barbuda,0.8,2006
28,Antigua and Barbuda,0.8,2007
28,Antigua and Barbuda,0.81,2008
28,Antigua and Barbuda,0.72,2009
28,Antigua and Barbuda,0.9,2010
28,Antigua and Barbuda,0.96,2011
28,Antigua and Barbuda,0.98,2012
28,Antigua and Barbuda,0.96,2013
28,Antigua and Barbuda,0.98,2014
28,Antigua and Barbuda,1,2015
28,Antigua and Barbuda,0.88,2016
28,Antigua and Barbuda,0.75,2017
28,Antigua and Barbuda,0.73,2018
31,Azerbaijan,-0.83,2000
31,Azerbaijan,-0.7183333333333333,2001
31,Azerbaijan,-1.19,2002
31,Azerbaijan,-0.95,2003
31,Azerbaijan,-1.06,2004
31,Azerbaijan,-1.13,2005
31,Azerbaijan,-1.09,2006
31,Azerbaijan,-0.63,2007
31,Azerbaijan,-0.33,2008
31,Azerbaijan,-0.28,2009
31,Azerbaijan,-0.24,2010
31,Azerbaijan,-0.53,2011
31,Azerbaijan,-0.72,2012
31,Azerbaijan,-0.41,2013
31,Azerbaijan,-0.56,2014
31,Azerbaijan,-0.73,2015
31,Azerbaijan,-0.8,2016
31,Azerbaijan,-0.75,2017
31,Azerbaijan,-0.7,2018
32,Argentina,0.1,2000
32,Argentina,-0.07055555555555554,2001
32,Argentina,-0.78,2002
32,Argentina,-0.36,2003
32,Argentina,-0.61,2004
32,Argentina,-0.04,2005
32,Argentina,0,2006
32,Argentina,0.1,2007
32,Argentina,-0.09,2008
32,Argentina,-0.23,2009
32,Argentina,-0.08,2010
32,Argentina,0.16,2011
32,Argentina,0.1,2012
32,Argentina,0.07,2013
32,Argentina,-0.01,2014
32,Argentina,0.01,2015
32,Argentina,0.2,2016
32,Argentina,0.17,2017
32,Argentina,0.02,2018
36,Australia,1.33,2000
36,Australia,0.9783333333333333,2001
36,Australia,1.19,2002
36,Australia,0.88,2003
36,Australia,0.94,2004
36,Australia,0.89,2005
36,Australia,0.94,2006
36,Australia,0.93,2007
36,Australia,0.96,2008
36,Australia,0.86,2009
36,Australia,0.89,2010
36,Australia,0.94,2011
36,Australia,1,2012
36,Australia,1.03,2013
36,Australia,1.03,2014
36,Australia,0.88,2015
36,Australia,1.05,2016
36,Australia,0.89,2017
36,Australia,0.98,2018
40,Austria,0.82,2000
40,Austria,1.1422222222222222,2001
40,Austria,1.36,2002
40,Austria,0.96,2003
40,Austria,1.09,2004
40,Austria,1.11,2005
40,Austria,1.08,2006
40,Austria,1.28,2007
40,Austria,1.34,2008
40,Austria,1.19,2009
40,Austria,1.15,2010
40,Austria,1.19,2011
40,Austria,1.34,2012
40,Austria,1.36,2013
40,Austria,1.27,2014
40,Austria,1.14,2015
40,Austria,0.91,2016
40,Austria,1.05,2017
40,Austria,0.92,2018
44,Bahamas,1.28,2000
44,Bahamas,0.9544444444444444,2001
44,Bahamas,0.96,2002
44,Bahamas,0.83,2003
44,Bahamas,0.89,2004
44,Bahamas,0.94,2005
44,Bahamas,0.81,2006
44,Bahamas,0.73,2007
44,Bahamas,0.77,2008
44,Bahamas,0.86,2009
44,Bahamas,0.99,2010
44,Bahamas,1.1,2011
44,Bahamas,1.18,2012
44,Bahamas,1.13,2013
44,Bahamas,0.96,2014
44,Bahamas,0.91,2015
44,Bahamas,0.98,2016
44,Bahamas,0.99,2017
44,Bahamas,0.87,2018
48,Bahrain,0.06,2000
48,Bahrain,-0.4633333333333333,2001
48,Bahrain,0.28,2002
48,Bahrain,0.48,2003
48,Bahrain,0.31,2004
48,Bahrain,0.01,2005
48,Bahrain,-0.37,2006
48,Bahrain,-0.25,2007
48,Bahrain,-0.24,2008
48,Bahrain,-0.14,2009
48,Bahrain,-0.49,2010
48,Bahrain,-0.95,2011
48,Bahrain,-1.13,2012
48,Bahrain,-1.34,2013
48,Bahrain,-0.91,2014
48,Bahrain,-1.07,2015
48,Bahrain,-0.79,2016
48,Bahrain,-0.96,2017
48,Bahrain,-0.84,2018
50,Bangladesh,-0.72,2000
50,Bangladesh,-1.316111111111111,2001
50,Bangladesh,-1.03,2002
50,Bangladesh,-1.12,2003
50,Bangladesh,-1.36,2004
50,Bangladesh,-1.86,2005
50,Bangladesh,-1.51,2006
50,Bangladesh,-1.54,2007
50,Bangladesh,-1.51,2008
50,Bangladesh,-1.54,2009
50,Bangladesh,-1.43,2010
50,Bangladesh,-1.4,2011
50,Bangladesh,-1.38,2012
50,Bangladesh,-1.63,2013
50,Bangladesh,-0.9,2014
50,Bangladesh,-1.21,2015
50,Bangladesh,-1.26,2016
50,Bangladesh,-1.26,2017
50,Bangladesh,-1.03,2018
51,Armenia,-0.68,2000
51,Armenia,-0.1533333333333332,2001
51,Armenia,-0.26,2002
51,Armenia,0.24,2003
51,Armenia,-0.12,2004
51,Armenia,-0.07,2005
51,Armenia,-0.26,2006
51,Armenia,0.15,2007
51,Armenia,-0.01,2008
51,Armenia,0.23,2009
51,Armenia,0.07,2010
51,Armenia,-0.06,2011
51,Armenia,0.15,2012
51,Armenia,0.11,2013
51,Armenia,-0.3,2014
51,Armenia,-0.25,2015
51,Armenia,-0.66,2016
51,Armenia,-0.62,2017
51,Armenia,-0.42,2018
52,Barbados,1.15,2000
52,Barbados,1.0844444444444445,2001
52,Barbados,1.1,2002
52,Barbados,0.92,2003
52,Barbados,1.1,2004
52,Barbados,1.12,2005
52,Barbados,0.91,2006
52,Barbados,1.04,2007
52,Barbados,1.07,2008
52,Barbados,1.05,2009
52,Barbados,1.06,2010
52,Barbados,1.25,2011
52,Barbados,1.19,2012
52,Barbados,1.27,2013
52,Barbados,1.28,2014
52,Barbados,1.14,2015
52,Barbados,0.98,2016
52,Barbados,0.97,2017
52,Barbados,0.92,2018
56,Belgium,1.13,2000
56,Belgium,0.7783333333333333,2001
56,Belgium,1.26,2002
56,Belgium,0.86,2003
56,Belgium,0.71,2004
56,Belgium,0.8,2005
56,Belgium,0.86,2006
56,Belgium,0.76,2007
56,Belgium,0.62,2008
56,Belgium,0.82,2009
56,Belgium,0.81,2010
56,Belgium,0.95,2011
56,Belgium,0.92,2012
56,Belgium,0.94,2013
56,Belgium,0.7,2014
56,Belgium,0.59,2015
56,Belgium,0.44,2016
56,Belgium,0.43,2017
56,Belgium,0.41,2018
60,Bermuda,0.71,2000
60,Bermuda,0.8872222222222222,2001
60,Bermuda,0.79,2002
60,Bermuda,0.85,2003
60,Bermuda,0.89,2004
60,Bermuda,0.82,2005
60,Bermuda,0.78,2006
60,Bermuda,0.77,2007
60,Bermuda,0.8,2008
60,Bermuda,0.69,2009
60,Bermuda,0.91,2010
60,Bermuda,0.96,2011
60,Bermuda,0.98,2012
60,Bermuda,0.97,2013
60,Bermuda,0.91,2014
60,Bermuda,0.98,2015
60,Bermuda,1,2016
60,Bermuda,1,2017
60,Bermuda,1.16,2018
64,Bhutan,0.49,2000
64,Bhutan,0.9116666666666666,2001
64,Bhutan,0.69,2002
64,Bhutan,0.92,2003
64,Bhutan,1.17,2004
64,Bhutan,1.28,2005
64,Bhutan,1.26,2006
64,Bhutan,0.57,2007
64,Bhutan,0.72,2008
64,Bhutan,0.8,2009
64,Bhutan,0.74,2010
64,Bhutan,0.83,2011
64,Bhutan,0.78,2012
64,Bhutan,0.78,2013
64,Bhutan,1.07,2014
64,Bhutan,0.97,2015
64,Bhutan,1.12,2016
64,Bhutan,1.12,2017
64,Bhutan,1.1,2018
68,Bolivia (Plurinational State of),-0.24,2000
68,Bolivia (Plurinational State of),-0.49277777777777776,2001
68,Bolivia (Plurinational State of),-0.29,2002
68,Bolivia (Plurinational State of),-0.83,2003
68,Bolivia (Plurinational State of),-0.68,2004
68,Bolivia (Plurinational State of),-0.97,2005
68,Bolivia (Plurinational State of),-0.8,2006
68,Bolivia (Plurinational State of),-0.85,2007
68,Bolivia (Plurinational State of),-0.7,2008
68,Bolivia (Plurinational State of),-0.51,2009
68,Bolivia (Plurinational State of),-0.42,2010
68,Bolivia (Plurinational State of),-0.42,2011
68,Bolivia (Plurinational State of),-0.46,2012
68,Bolivia (Plurinational State of),-0.33,2013
68,Bolivia (Plurinational State of),-0.33,2014
68,Bolivia (Plurinational State of),-0.27,2015
68,Bolivia (Plurinational State of),-0.25,2016
68,Bolivia (Plurinational State of),-0.28,2017
68,Bolivia (Plurinational State of),-0.24,2018
70,Bosnia and Herzegovina,-0.53,2000
70,Bosnia and Herzegovina,-0.43666666666666665,2001
70,Bosnia and Herzegovina,-0.16,2002
70,Bosnia and Herzegovina,-0.4,2003
70,Bosnia and Herzegovina,0.02,2004
70,Bosnia and Herzegovina,-0.5,2005
70,Bosnia and Herzegovina,-0.44,2006
70,Bosnia and Herzegovina,-0.63,2007
70,Bosnia and Herzegovina,-0.54,2008
70,Bosnia and Herzegovina,-0.67,2009
70,Bosnia and Herzegovina,-0.69,2010
70,Bosnia and Herzegovina,-0.82,2011
70,Bosnia and Herzegovina,-0.54,2012
70,Bosnia and Herzegovina,-0.4,2013
70,Bosnia and Herzegovina,-0.02,2014
70,Bosnia and Herzegovina,-0.4,2015
70,Bosnia and Herzegovina,-0.4,2016
70,Bosnia and Herzegovina,-0.35,2017
70,Bosnia and Herzegovina,-0.39,2018
72,Botswana,1.07,2000
72,Botswana,1.021111111111111,2001
72,Botswana,0.87,2002
72,Botswana,1.11,2003
72,Botswana,0.92,2004
72,Botswana,1.06,2005
72,Botswana,1.02,2006
72,Botswana,1.06,2007
72,Botswana,1.03,2008
72,Botswana,0.95,2009
72,Botswana,0.99,2010
72,Botswana,1.06,2011
72,Botswana,1.1,2012
72,Botswana,1.1,2013
72,Botswana,1.01,2014
72,Botswana,1.04,2015
72,Botswana,0.99,2016
72,Botswana,1.02,2017
72,Botswana,0.98,2018
76,Brazil,0.19,2000
76,Brazil,-0.1494444444444445,2001
76,Brazil,0.33,2002
76,Brazil,0.01,2003
76,Brazil,-0.28,2004
76,Brazil,-0.26,2005
76,Brazil,-0.29,2006
76,Brazil,-0.36,2007
76,Brazil,-0.31,2008
76,Brazil,0.17,2009
76,Brazil,0.01,2010
76,Brazil,-0.13,2011
76,Brazil,0.05,2012
76,Brazil,-0.26,2013
76,Brazil,-0.07,2014
76,Brazil,-0.33,2015
76,Brazil,-0.38,2016
76,Brazil,-0.42,2017
76,Brazil,-0.36,2018
84,Belize,0.18,2000
84,Belize,0.15944444444444444,2001
84,Belize,0.42,2002
84,Belize,0.49,2003
84,Belize,0.4,2004
84,Belize,0.1,2005
84,Belize,0.08,2006
84,Belize,0.19,2007
84,Belize,0.19,2008
84,Belize,0.03,2009
84,Belize,0.07,2010
84,Belize,0.15,2011
84,Belize,0.18,2012
84,Belize,0.18,2013
84,Belize,0.05,2014
84,Belize,0.04,2015
84,Belize,0.06,2016
84,Belize,0.04,2017
84,Belize,0.02,2018
90,Solomon Islands,-0.74,2000
90,Solomon Islands,0.17666666666666664,2001
90,Solomon Islands,-0.44,2002
90,Solomon Islands,0.36,2003
90,Solomon Islands,0.02,2004
90,Solomon Islands,-0.02,2005
90,Solomon Islands,0.07,2006
90,Solomon Islands,0.23,2007
90,Solomon Islands,0.21,2008
90,Solomon Islands,0.21,2009
90,Solomon Islands,0.34,2010
90,Solomon Islands,0.31,2011
90,Solomon Islands,0.19,2012
90,Solomon Islands,0.3,2013
90,Solomon Islands,0.47,2014
90,Solomon Islands,0.66,2015
90,Solomon Islands,0.51,2016
90,Solomon Islands,0.2,2017
90,Solomon Islands,0.3,2018
96,Brunei Darussalam,1.3,2000
96,Brunei Darussalam,1.1833333333333333,2001
96,Brunei Darussalam,1.16,2002
96,Brunei Darussalam,1.15,2003
96,Brunei Darussalam,1.37,2004
96,Brunei Darussalam,1.21,2005
96,Brunei Darussalam,1.12,2006
96,Brunei Darussalam,1.11,2007
96,Brunei Darussalam,1.13,2008
96,Brunei Darussalam,1.39,2009
96,Brunei Darussalam,1.28,2010
96,Brunei Darussalam,1.09,2011
96,Brunei Darussalam,0.91,2012
96,Brunei Darussalam,1.07,2013
96,Brunei Darussalam,1.26,2014
96,Brunei Darussalam,1.24,2015
96,Brunei Darussalam,1.15,2016
96,Brunei Darussalam,1.16,2017
96,Brunei Darussalam,1.2,2018
100,Bulgaria,0.38,2000
100,Bulgaria,0.26611111111111113,2001
100,Bulgaria,0.47,2002
100,Bulgaria,0.17,2003
100,Bulgaria,0,2004
100,Bulgaria,0.15,2005
100,Bulgaria,0.4,2006
100,Bulgaria,0.36,2007
100,Bulgaria,0.37,2008
100,Bulgaria,0.35,2009
100,Bulgaria,0.36,2010
100,Bulgaria,0.3,2011
100,Bulgaria,0.38,2012
100,Bulgaria,0.17,2013
100,Bulgaria,0.08,2014
100,Bulgaria,0.02,2015
100,Bulgaria,0.08,2016
100,Bulgaria,0.33,2017
100,Bulgaria,0.42,2018
104,Myanmar,-1.67,2000
104,Myanmar,-1.13,2001
104,Myanmar,-1.41,2002
104,Myanmar,-1.15,2003
104,Myanmar,-0.99,2004
104,Myanmar,-0.9,2005
104,Myanmar,-0.85,2006
104,Myanmar,-1.06,2007
104,Myanmar,-1.09,2008
104,Myanmar,-1.29,2009
104,Myanmar,-1.29,2010
104,Myanmar,-1.11,2011
104,Myanmar,-0.94,2012
104,Myanmar,-1.14,2013
104,Myanmar,-1.09,2014
104,Myanmar,-1.17,2015
104,Myanmar,-0.8,2016
104,Myanmar,-1.08,2017
104,Myanmar,-1.31,2018
108,Burundi,-2.02,2000
108,Burundi,-1.7277777777777779,2001
108,Burundi,-2.29,2002
108,Burundi,-2.24,2003
108,Burundi,-2.52,2004
108,Burundi,-1.52,2005
108,Burundi,-1.43,2006
108,Burundi,-1.38,2007
108,Burundi,-1.64,2008
108,Burundi,-1.27,2009
108,Burundi,-1.63,2010
108,Burundi,-1.81,2011
108,Burundi,-1.7,2012
108,Burundi,-1.35,2013
108,Burundi,-0.78,2014
108,Burundi,-1.94,2015
108,Burundi,-1.97,2016
108,Burundi,-2.01,2017
108,Burundi,-1.6,2018
112,Belarus,0.14,2000
112,Belarus,0.21000000000000002,2001
112,Belarus,0.3,2002
112,Belarus,0.69,2003
112,Belarus,0.16,2004
112,Belarus,0.36,2005
112,Belarus,0.15,2006
112,Belarus,0.34,2007
112,Belarus,0.52,2008
112,Belarus,0.49,2009
112,Belarus,-0.09,2010
112,Belarus,-0.09,2011
112,Belarus,0.07,2012
112,Belarus,0.01,2013
112,Belarus,0.18,2014
112,Belarus,0.11,2015
112,Belarus,0.14,2016
112,Belarus,-0.05,2017
112,Belarus,0.35,2018
116,Cambodia,-0.78,2000
116,Cambodia,-0.28277777777777774,2001
116,Cambodia,-0.73,2002
116,Cambodia,-0.65,2003
116,Cambodia,-0.41,2004
116,Cambodia,-0.4,2005
116,Cambodia,-0.35,2006
116,Cambodia,-0.36,2007
116,Cambodia,-0.3,2008
116,Cambodia,-0.56,2009
116,Cambodia,-0.5,2010
116,Cambodia,-0.3,2011
116,Cambodia,-0.1,2012
116,Cambodia,-0.14,2013
116,Cambodia,0.02,2014
116,Cambodia,0.06,2015
116,Cambodia,0.21,2016
116,Cambodia,0.09,2017
116,Cambodia,0.11,2018
120,Cameroon,-0.56,2000
120,Cameroon,-0.6622222222222223,2001
120,Cameroon,-0.68,2002
120,Cameroon,-0.43,2003
120,Cameroon,-0.36,2004
120,Cameroon,-0.18,2005
120,Cameroon,-0.25,2006
120,Cameroon,-0.33,2007
120,Cameroon,-0.55,2008
120,Cameroon,-0.47,2009
120,Cameroon,-0.74,2010
120,Cameroon,-0.66,2011
120,Cameroon,-0.59,2012
120,Cameroon,-0.53,2013
120,Cameroon,-1.06,2014
120,Cameroon,-0.99,2015
120,Cameroon,-1.06,2016
120,Cameroon,-1.1,2017
120,Cameroon,-1.38,2018
124,Canada,1.17,2000
124,Canada,1.0755555555555556,2001
124,Canada,1.22,2002
124,Canada,1.05,2003
124,Canada,0.88,2004
124,Canada,0.83,2005
124,Canada,1.04,2006
124,Canada,1.01,2007
124,Canada,1.04,2008
124,Canada,1.13,2009
124,Canada,0.94,2010
124,Canada,1.08,2011
124,Canada,1.11,2012
124,Canada,1.06,2013
124,Canada,1.18,2014
124,Canada,1.27,2015
124,Canada,1.26,2016
124,Canada,1.1,2017
124,Canada,0.99,2018
132,Cabo Verde,1.22,2000
132,Cabo Verde,0.8283333333333334,2001
132,Cabo Verde,0.73,2002
132,Cabo Verde,0.92,2003
132,Cabo Verde,1.04,2004
132,Cabo Verde,0.75,2005
132,Cabo Verde,0.96,2006
132,Cabo Verde,0.88,2007
132,Cabo Verde,0.81,2008
132,Cabo Verde,0.82,2009
132,Cabo Verde,0.84,2010
132,Cabo Verde,0.72,2011
132,Cabo Verde,0.81,2012
132,Cabo Verde,0.78,2013
132,Cabo Verde,0.35,2014
132,Cabo Verde,0.87,2015
132,Cabo Verde,0.89,2016
132,Cabo Verde,0.77,2017
132,Cabo Verde,0.75,2018
140,Central African Republic,-1.12,2000
140,Central African Republic,-1.8433333333333333,2001
140,Central African Republic,-1.73,2002
140,Central African Republic,-1.54,2003
140,Central African Republic,-1.42,2004
140,Central African Republic,-1.43,2005
140,Central African Republic,-1.85,2006
140,Central African Republic,-1.85,2007
140,Central African Republic,-1.84,2008
140,Central African Republic,-1.91,2009
140,Central African Republic,-2.02,2010
140,Central African Republic,-1.79,2011
140,Central African Republic,-1.85,2012
140,Central African Republic,-2.15,2013
140,Central African Republic,-2.7,2014
140,Central African Republic,-1.9,2015
140,Central African Republic,-1.79,2016
140,Central African Republic,-2.01,2017
140,Central African Republic,-2.28,2018
144,Sri Lanka,-1.9,2000
144,Sri Lanka,-0.858888888888889,2001
144,Sri Lanka,-0.78,2002
144,Sri Lanka,-0.83,2003
144,Sri Lanka,-1.01,2004
144,Sri Lanka,-1.15,2005
144,Sri Lanka,-1.42,2006
144,Sri Lanka,-1.75,2007
144,Sri Lanka,-1.8,2008
144,Sri Lanka,-1.34,2009
144,Sri Lanka,-0.94,2010
144,Sri Lanka,-0.72,2011
144,Sri Lanka,-0.72,2012
144,Sri Lanka,-0.61,2013
144,Sri Lanka,-0.33,2014
144,Sri Lanka,0.09,2015
144,Sri Lanka,0,2016
144,Sri Lanka,-0.07,2017
144,Sri Lanka,-0.18,2018
148,Chad,-1.14,2000
148,Chad,-1.4461111111111111,2001
148,Chad,-1.56,2002
148,Chad,-1.37,2003
148,Chad,-1.54,2004
148,Chad,-1.44,2005
148,Chad,-1.83,2006
148,Chad,-1.87,2007
148,Chad,-1.97,2008
148,Chad,-1.73,2009
148,Chad,-1.52,2010
148,Chad,-1.32,2011
148,Chad,-1.04,2012
148,Chad,-1.09,2013
148,Chad,-1.57,2014
148,Chad,-0.97,2015
148,Chad,-1.3,2016
148,Chad,-1.29,2017
148,Chad,-1.48,2018
152,Chile,0.49,2000
152,Chile,0.5488888888888889,2001
152,Chile,1.09,2002
152,Chile,0.76,2003
152,Chile,0.69,2004
152,Chile,0.84,2005
152,Chile,0.61,2006
152,Chile,0.41,2007
152,Chile,0.43,2008
152,Chile,0.6,2009
152,Chile,0.68,2010
152,Chile,0.45,2011
152,Chile,0.33,2012
152,Chile,0.36,2013
152,Chile,0.45,2014
152,Chile,0.43,2015
152,Chile,0.41,2016
152,Chile,0.42,2017
152,Chile,0.43,2018
156,China,0.33000000000000007,2000
156,China,0.14805555555555563,2001
156,China,0.36999999999999994,2002
156,China,0.07999999999999996,2003
156,China,0.21999999999999997,2004
156,China,0.17000000000000004,2005
156,China,0.14,2006
156,China,0.050000000000000044,2007
156,China,0.35,2008
156,China,0.11999999999999994,2009
156,China,0.19999999999999996,2010
156,China,0.35,2011
156,China,0.35,2012
156,China,0.32999999999999996,2013
156,China,0.25,2014
156,China,0.37,2015
156,China,0.43000000000000005,2016
156,China,0.63,2017
156,China,0.59,2018
156,"China, Hong Kong SAR",0.93,2000
156,"China, Hong Kong SAR",1.0033333333333334,2001
156,"China, Hong Kong SAR",0.91,2002
156,"China, Hong Kong SAR",0.95,2003
156,"China, Hong Kong SAR",1.15,2004
156,"China, Hong Kong SAR",1.34,2005
156,"China, Hong Kong SAR",1.19,2006
156,"China, Hong Kong SAR",1.1,2007
156,"China, Hong Kong SAR",1.13,2008
156,"China, Hong Kong SAR",0.97,2009
156,"China, Hong Kong SAR",0.94,2010
156,"China, Hong Kong SAR",0.95,2011
156,"China, Hong Kong SAR",1.01,2012
156,"China, Hong Kong SAR",0.92,2013
156,"China, Hong Kong SAR",1.15,2014
156,"China, Hong Kong SAR",1.05,2015
156,"China, Hong Kong SAR",0.75,2016
156,"China, Hong Kong SAR",0.83,2017
156,"China, Hong Kong SAR",0.79,2018
156,"China, Macao SAR",0.49,2000
156,"China, Macao SAR",0.9116666666666666,2001
156,"China, Macao SAR",0.55,2002
156,"China, Macao SAR",1.12,2003
156,"China, Macao SAR",1.35,2004
156,"China, Macao SAR",1.29,2005
156,"China, Macao SAR",0.97,2006
156,"China, Macao SAR",0.46,2007
156,"China, Macao SAR",0.48,2008
156,"China, Macao SAR",0.61,2009
156,"China, Macao SAR",0.57,2010
156,"China, Macao SAR",0.61,2011
156,"China, Macao SAR",0.63,2012
156,"China, Macao SAR",0.76,2013
156,"China, Macao SAR",1.21,2014
156,"China, Macao SAR",1.2,2015
156,"China, Macao SAR",1.42,2016
156,"China, Macao SAR",1.43,2017
156,"China, Macao SAR",1.26,2018
170,Colombia,-1.6,2000
170,Colombia,-1.5433333333333334,2001
170,Colombia,-1.95,2002
170,Colombia,-2.37,2003
170,Colombia,-2.27,2004
170,Colombia,-2.06,2005
170,Colombia,-1.9,2006
170,Colombia,-1.8,2007
170,Colombia,-1.85,2008
170,Colombia,-1.83,2009
170,Colombia,-1.54,2010
170,Colombia,-1.28,2011
170,Colombia,-1.4,2012
170,Colombia,-1.29,2013
170,Colombia,-1.11,2014
170,Colombia,-1.07,2015
170,Colombia,-0.88,2016
170,Colombia,-0.77,2017
170,Colombia,-0.81,2018
174,Comoros,0.02,2000
174,Comoros,-0.3633333333333334,2001
174,Comoros,0.4,2002
174,Comoros,-0.67,2003
174,Comoros,-0.16,2004
174,Comoros,-0.44,2005
174,Comoros,-0.36,2006
174,Comoros,-1.09,2007
174,Comoros,-1.11,2008
174,Comoros,-0.77,2009
174,Comoros,-0.56,2010
174,Comoros,-0.55,2011
174,Comoros,-0.45,2012
174,Comoros,-0.26,2013
174,Comoros,-0.19,2014
174,Comoros,-0.23,2015
174,Comoros,0.04,2016
174,Comoros,0.04,2017
174,Comoros,-0.2,2018
178,Congo,-0.92,2000
178,Congo,-0.7061111111111111,2001
178,Congo,-1.58,2002
178,Congo,-1.17,2003
178,Congo,-1.19,2004
178,Congo,-1.17,2005
178,Congo,-0.92,2006
178,Congo,-0.77,2007
178,Congo,-0.72,2008
178,Congo,-0.25,2009
178,Congo,-0.32,2010
178,Congo,-0.35,2011
178,Congo,-0.49,2012
178,Congo,-0.48,2013
178,Congo,-0.36,2014
178,Congo,-0.53,2015
178,Congo,-0.52,2016
178,Congo,-0.53,2017
178,Congo,-0.44,2018
178,Democratic Republic of the Congo,-2.48,2000
178,Democratic Republic of the Congo,-2.1755555555555555,2001
178,Democratic Republic of the Congo,-1.98,2002
178,Democratic Republic of the Congo,-2.03,2003
178,Democratic Republic of the Congo,-2.39,2004
178,Democratic Republic of the Congo,-2.13,2005
178,Democratic Republic of the Congo,-2.25,2006
178,Democratic Republic of the Congo,-2.18,2007
178,Democratic Republic of the Congo,-2.01,2008
178,Democratic Republic of the Congo,-2,2009
178,Democratic Republic of the Congo,-2.2,2010
178,Democratic Republic of the Congo,-2.21,2011
178,Democratic Republic of the Congo,-2.09,2012
178,Democratic Republic of the Congo,-2.19,2013
178,Democratic Republic of the Congo,-2.17,2014
178,Democratic Republic of the Congo,-2.15,2015
178,Democratic Republic of the Congo,-2.23,2016
178,Democratic Republic of the Congo,-2.35,2017
178,Democratic Republic of the Congo,-2.12,2018
184,Cook Islands,1.23,2001
184,Cook Islands,1.14,2009
184,Cook Islands,1.32,2010
188,Costa Rica,0.87,2000
188,Costa Rica,0.6494444444444445,2001
188,Costa Rica,1.07,2002
188,Costa Rica,0.6,2003
188,Costa Rica,0.63,2004
188,Costa Rica,0.71,2005
188,Costa Rica,0.74,2006
188,Costa Rica,0.58,2007
188,Costa Rica,0.36,2008
188,Costa Rica,0.59,2009
188,Costa Rica,0.69,2010
188,Costa Rica,0.51,2011
188,Costa Rica,0.64,2012
188,Costa Rica,0.68,2013
188,Costa Rica,0.58,2014
188,Costa Rica,0.68,2015
188,Costa Rica,0.66,2016
188,Costa Rica,0.61,2017
188,Costa Rica,0.49,2018
191,Croatia,0.28,2000
191,Croatia,0.5966666666666667,2001
191,Croatia,0.63,2002
191,Croatia,0.56,2003
191,Croatia,0.69,2004
191,Croatia,0.43,2005
191,Croatia,0.56,2006
191,Croatia,0.6,2007
191,Croatia,0.57,2008
191,Croatia,0.61,2009
191,Croatia,0.61,2010
191,Croatia,0.62,2011
191,Croatia,0.61,2012
191,Croatia,0.64,2013
191,Croatia,0.62,2014
191,Croatia,0.59,2015
191,Croatia,0.66,2016
191,Croatia,0.69,2017
191,Croatia,0.77,2018
192,Cuba,0.25,2000
192,Cuba,0.43833333333333335,2001
192,Cuba,0.26,2002
192,Cuba,0.32,2003
192,Cuba,0.36,2004
192,Cuba,0.42,2005
192,Cuba,0.47,2006
192,Cuba,0.45,2007
192,Cuba,0.52,2008
192,Cuba,0.36,2009
192,Cuba,0.35,2010
192,Cuba,0.28,2011
192,Cuba,0.31,2012
192,Cuba,0.37,2013
192,Cuba,0.54,2014
192,Cuba,0.64,2015
192,Cuba,0.69,2016
192,Cuba,0.65,2017
192,Cuba,0.65,2018
196,Cyprus,0.52,2000
196,Cyprus,0.5161111111111112,2001
196,Cyprus,0.19,2002
196,Cyprus,0.53,2003
196,Cyprus,0.38,2004
196,Cyprus,0.52,2005
196,Cyprus,0.54,2006
196,Cyprus,0.54,2007
196,Cyprus,0.64,2008
196,Cyprus,0.39,2009
196,Cyprus,0.45,2010
196,Cyprus,0.61,2011
196,Cyprus,0.64,2012
196,Cyprus,0.56,2013
196,Cyprus,0.55,2014
196,Cyprus,0.55,2015
196,Cyprus,0.6,2016
196,Cyprus,0.54,2017
196,Cyprus,0.54,2018
203,Czechia,0.33,2000
203,Czechia,0.9505555555555556,2001
203,Czechia,1.05,2002
203,Czechia,0.89,2003
203,Czechia,0.65,2004
203,Czechia,0.94,2005
203,Czechia,1.05,2006
203,Czechia,1.02,2007
203,Czechia,1.05,2008
203,Czechia,0.91,2009
203,Czechia,0.99,2010
203,Czechia,1.11,2011
203,Czechia,1.05,2012
203,Czechia,1.08,2013
203,Czechia,0.99,2014
203,Czechia,0.98,2015
203,Czechia,0.98,2016
203,Czechia,1,2017
203,Czechia,1.04,2018
204,Benin,0.8,2000
204,Benin,0.3272222222222223,2001
204,Benin,0.82,2002
204,Benin,0.68,2003
204,Benin,0.27,2004
204,Benin,0.45,2005
204,Benin,0.55,2006
204,Benin,0.39,2007
204,Benin,0.37,2008
204,Benin,0.4,2009
204,Benin,0.26,2010
204,Benin,0.32,2011
204,Benin,0.36,2012
204,Benin,0.3,2013
204,Benin,0.03,2014
204,Benin,-0.01,2015
204,Benin,0,2016
204,Benin,0.03,2017
204,Benin,-0.13,2018
208,Denmark,1.5,2000
208,Denmark,1.0661111111111112,2001
208,Denmark,1.53,2002
208,Denmark,1.2,2003
208,Denmark,1.09,2004
208,Denmark,1.07,2005
208,Denmark,1.05,2006
208,Denmark,1.12,2007
208,Denmark,1.07,2008
208,Denmark,1,2009
208,Denmark,1.04,2010
208,Denmark,1.1,2011
208,Denmark,0.91,2012
208,Denmark,0.96,2013
208,Denmark,0.95,2014
208,Denmark,0.9,2015
208,Denmark,0.87,2016
208,Denmark,0.87,2017
208,Denmark,0.96,2018
212,Dominica,0.49,2000
212,Dominica,0.9094444444444445,2001
212,Dominica,0.55,2002
212,Dominica,0.67,2003
212,Dominica,0.95,2004
212,Dominica,0.83,2005
212,Dominica,0.91,2006
212,Dominica,0.79,2007
212,Dominica,0.92,2008
212,Dominica,0.67,2009
212,Dominica,0.9,2010
212,Dominica,1.14,2011
212,Dominica,0.98,2012
212,Dominica,1.12,2013
212,Dominica,1.06,2014
212,Dominica,1.08,2015
212,Dominica,1,2016
212,Dominica,1.2,2017
212,Dominica,1.11,2018
214,Dominican Republic,0.02,2000
214,Dominican Republic,0.007777777777777755,2001
214,Dominican Republic,0.12,2002
214,Dominican Republic,-0.42,2003
214,Dominican Republic,-0.34,2004
214,Dominican Republic,-0.26,2005
214,Dominican Republic,-0.11,2006
214,Dominican Republic,-0.08,2007
214,Dominican Republic,-0.04,2008
214,Dominican Republic,0,2009
214,Dominican Republic,-0.04,2010
214,Dominican Republic,0,2011
214,Dominican Republic,0.25,2012
214,Dominican Republic,0.21,2013
214,Dominican Republic,0.15,2014
214,Dominican Republic,0.24,2015
214,Dominican Republic,0.25,2016
214,Dominican Republic,0.16,2017
214,Dominican Republic,0.03,2018
218,Ecuador,-0.57,2000
218,Ecuador,-0.5222222222222223,2001
218,Ecuador,-0.76,2002
218,Ecuador,-0.96,2003
218,Ecuador,-0.84,2004
218,Ecuador,-0.79,2005
218,Ecuador,-0.85,2006
218,Ecuador,-0.81,2007
218,Ecuador,-0.73,2008
218,Ecuador,-0.67,2009
218,Ecuador,-0.59,2010
218,Ecuador,-0.69,2011
218,Ecuador,-0.57,2012
218,Ecuador,-0.18,2013
218,Ecuador,-0.02,2014
218,Ecuador,-0.14,2015
218,Ecuador,-0.09,2016
218,Ecuador,-0.07,2017
218,Ecuador,-0.07,2018
222,El Salvador,0.33,2000
222,El Salvador,-0.008888888888888835,2001
222,El Salvador,0.3,2002
222,El Salvador,-0.18,2003
222,El Salvador,-0.07,2004
222,El Salvador,-0.03,2005
222,El Salvador,-0.17,2006
222,El Salvador,-0.01,2007
222,El Salvador,0.04,2008
222,El Salvador,-0.01,2009
222,El Salvador,0.06,2010
222,El Salvador,0.11,2011
222,El Salvador,0.23,2012
222,El Salvador,-0.03,2013
222,El Salvador,-0.02,2014
222,El Salvador,-0.02,2015
222,El Salvador,-0.1,2016
222,El Salvador,-0.26,2017
222,El Salvador,-0.33,2018
226,Equatorial Guinea,-0.04,2000
226,Equatorial Guinea,-0.0055555555555555775,2001
226,Equatorial Guinea,-0.52,2002
226,Equatorial Guinea,0.11,2003
226,Equatorial Guinea,-0.06,2004
226,Equatorial Guinea,-0.39,2005
226,Equatorial Guinea,0.17,2006
226,Equatorial Guinea,0.26,2007
226,Equatorial Guinea,0.2,2008
226,Equatorial Guinea,0.37,2009
226,Equatorial Guinea,0.24,2010
226,Equatorial Guinea,0.15,2011
226,Equatorial Guinea,0.23,2012
226,Equatorial Guinea,0.12,2013
226,Equatorial Guinea,-0.37,2014
226,Equatorial Guinea,-0.21,2015
226,Equatorial Guinea,-0.14,2016
226,Equatorial Guinea,-0.17,2017
226,Equatorial Guinea,-0.05,2018
231,Ethiopia,-0.94,2000
231,Ethiopia,-1.5044444444444445,2001
231,Ethiopia,-1.22,2002
231,Ethiopia,-1.41,2003
231,Ethiopia,-1.31,2004
231,Ethiopia,-1.69,2005
231,Ethiopia,-1.74,2006
231,Ethiopia,-1.8,2007
231,Ethiopia,-1.73,2008
231,Ethiopia,-1.64,2009
231,Ethiopia,-1.64,2010
231,Ethiopia,-1.51,2011
231,Ethiopia,-1.56,2012
231,Ethiopia,-1.41,2013
231,Ethiopia,-1.34,2014
231,Ethiopia,-1.5,2015
231,Ethiopia,-1.62,2016
231,Ethiopia,-1.68,2017
231,Ethiopia,-1.34,2018
232,Eritrea,-0.77,2000
232,Eritrea,-0.7416666666666667,2001
232,Eritrea,-0.27,2002
232,Eritrea,-0.72,2003
232,Eritrea,-0.64,2004
232,Eritrea,-0.8,2005
232,Eritrea,-0.9,2006
232,Eritrea,-1.05,2007
232,Eritrea,-0.71,2008
232,Eritrea,-0.68,2009
232,Eritrea,-0.88,2010
232,Eritrea,-0.77,2011
232,Eritrea,-0.7,2012
232,Eritrea,-0.77,2013
232,Eritrea,-0.81,2014
232,Eritrea,-0.88,2015
232,Eritrea,-0.66,2016
232,Eritrea,-0.73,2017
232,Eritrea,-0.61,2018
233,Estonia,0.9,2000
233,Estonia,0.6955555555555555,2001
233,Estonia,0.93,2002
233,Estonia,0.9,2003
233,Estonia,0.7,2004
233,Estonia,0.6,2005
233,Estonia,0.74,2006
233,Estonia,0.63,2007
233,Estonia,0.57,2008
233,Estonia,0.57,2009
233,Estonia,0.66,2010
233,Estonia,0.61,2011
233,Estonia,0.64,2012
233,Estonia,0.75,2013
233,Estonia,0.78,2014
233,Estonia,0.62,2015
233,Estonia,0.67,2016
233,Estonia,0.65,2017
233,Estonia,0.6,2018
242,Fiji,0.3,2000
242,Fiji,0.2622222222222222,2001
242,Fiji,0.47,2002
242,Fiji,0.45,2003
242,Fiji,0.39,2004
242,Fiji,0.38,2005
242,Fiji,-0.04,2006
242,Fiji,0.06,2007
242,Fiji,-0.07,2008
242,Fiji,-0.27,2009
242,Fiji,-0.19,2010
242,Fiji,-0.07,2011
242,Fiji,-0.07,2012
242,Fiji,-0.05,2013
242,Fiji,0.55,2014
242,Fiji,0.58,2015
242,Fiji,0.92,2016
242,Fiji,0.64,2017
242,Fiji,0.74,2018
246,Finland,1.72,2000
246,Finland,1.4005555555555556,2001
246,Finland,1.76,2002
246,Finland,1.69,2003
246,Finland,1.62,2004
246,Finland,1.6,2005
246,Finland,1.5,2006
246,Finland,1.49,2007
246,Finland,1.45,2008
246,Finland,1.46,2009
246,Finland,1.42,2010
246,Finland,1.39,2011
246,Finland,1.4,2012
246,Finland,1.39,2013
246,Finland,1.28,2014
246,Finland,1.04,2015
246,Finland,1,2016
246,Finland,1.08,2017
246,Finland,0.92,2018
250,France,0.79,2000
250,France,0.43611111111111117,2001
250,France,0.93,2002
250,France,0.18,2003
250,France,0.35,2004
250,France,0.4,2005
250,France,0.6,2006
250,France,0.56,2007
250,France,0.55,2008
250,France,0.51,2009
250,France,0.68,2010
250,France,0.6,2011
250,France,0.55,2012
250,France,0.45,2013
250,France,0.3,2014
250,France,0.11,2015
250,France,-0.1,2016
250,France,0.28,2017
250,France,0.11,2018
262,Djibouti,-0.24,2000
262,Djibouti,-0.24722222222222223,2001
262,Djibouti,-0.31,2002
262,Djibouti,-0.91,2003
262,Djibouti,-0.34,2004
262,Djibouti,-0.81,2005
262,Djibouti,-0.26,2006
262,Djibouti,-0.12,2007
262,Djibouti,0.27,2008
262,Djibouti,0.49,2009
262,Djibouti,0.25,2010
262,Djibouti,0.18,2011
262,Djibouti,0.16,2012
262,Djibouti,-0.1,2013
262,Djibouti,-0.77,2014
262,Djibouti,-0.44,2015
262,Djibouti,-0.63,2016
262,Djibouti,-0.74,2017
262,Djibouti,-0.13,2018
266,Gabon,0.64,2000
266,Gabon,0.22388888888888886,2001
266,Gabon,0.41,2002
266,Gabon,0.3,2003
266,Gabon,0.41,2004
266,Gabon,0.33,2005
266,Gabon,0.22,2006
266,Gabon,0.3,2007
266,Gabon,0.26,2008
266,Gabon,0.14,2009
266,Gabon,0.3,2010
266,Gabon,0.38,2011
266,Gabon,0.29,2012
266,Gabon,0.33,2013
266,Gabon,0.15,2014
266,Gabon,0.02,2015
266,Gabon,-0.1,2016
266,Gabon,-0.1,2017
266,Gabon,-0.25,2018
268,Georgia,-0.81,2000
268,Georgia,-0.7116666666666667,2001
268,Georgia,-1.19,2002
268,Georgia,-1.3,2003
268,Georgia,-0.87,2004
268,Georgia,-0.75,2005
268,Georgia,-0.96,2006
268,Georgia,-0.64,2007
268,Georgia,-0.92,2008
268,Georgia,-0.97,2009
268,Georgia,-0.72,2010
268,Georgia,-0.66,2011
268,Georgia,-0.68,2012
268,Georgia,-0.44,2013
268,Georgia,-0.32,2014
268,Georgia,-0.47,2015
268,Georgia,-0.31,2016
268,Georgia,-0.37,2017
268,Georgia,-0.43,2018
270,Gambia,0.53,2000
270,Gambia,0.08944444444444449,2001
270,Gambia,0.83,2002
270,Gambia,0.32,2003
270,Gambia,0.17,2004
270,Gambia,0.2,2005
270,Gambia,-0.03,2006
270,Gambia,0.05,2007
270,Gambia,0.07,2008
270,Gambia,0.12,2009
270,Gambia,0.07,2010
270,Gambia,0,2011
270,Gambia,0,2012
270,Gambia,-0.05,2013
270,Gambia,-0.15,2014
270,Gambia,0.02,2015
270,Gambia,-0.43,2016
270,Gambia,-0.08,2017
270,Gambia,-0.03,2018
275,"Palestine, State of",-1.55,2000
275,"Palestine, State of",-1.7761111111111112,2001
275,"Palestine, State of",-1.65,2002
275,"Palestine, State of",-1.3,2003
275,"Palestine, State of",-1.13,2004
275,"Palestine, State of",-1.41,2005
275,"Palestine, State of",-1.73,2006
275,"Palestine, State of",-1.98,2007
275,"Palestine, State of",-2,2008
275,"Palestine, State of",-2.04,2009
275,"Palestine, State of",-1.97,2010
275,"Palestine, State of",-1.94,2011
275,"Palestine, State of",-1.96,2012
275,"Palestine, State of",-1.78,2013
275,"Palestine, State of",-1.99,2014
275,"Palestine, State of",-2.16,2015
275,"Palestine, State of",-1.98,2016
275,"Palestine, State of",-1.66,2017
275,"Palestine, State of",-1.74,2018
276,Germany,1.41,2000
276,Germany,0.8505555555555555,2001
276,Germany,1.1,2002
276,Germany,0.58,2003
276,Germany,0.64,2004
276,Germany,0.89,2005
276,Germany,1.03,2006
276,Germany,1,2007
276,Germany,0.95,2008
276,Germany,0.86,2009
276,Germany,0.8,2010
276,Germany,0.84,2011
276,Germany,0.78,2012
276,Germany,0.93,2013
276,Germany,0.93,2014
276,Germany,0.7,2015
276,Germany,0.68,2016
276,Germany,0.59,2017
276,Germany,0.6,2018
288,Ghana,-0.36,2000
288,Ghana,-0.00555555555555548,2001
288,Ghana,-0.16,2002
288,Ghana,0.03,2003
288,Ghana,0.04,2004
288,Ghana,0.17,2005
288,Ghana,0.01,2006
288,Ghana,-0.07,2007
288,Ghana,-0.03,2008
288,Ghana,0.03,2009
288,Ghana,0.03,2010
288,Ghana,0.17,2011
288,Ghana,0.13,2012
288,Ghana,0.06,2013
288,Ghana,-0.11,2014
288,Ghana,-0.03,2015
288,Ghana,-0.13,2016
288,Ghana,0.09,2017
288,Ghana,0.03,2018
296,Kiribati,1.178125,2001
296,Kiribati,1.17,2003
296,Kiribati,1.16,2004
296,Kiribati,1.38,2005
296,Kiribati,1.35,2006
296,Kiribati,1.34,2007
296,Kiribati,1.34,2008
296,Kiribati,1.4,2009
296,Kiribati,1.42,2010
296,Kiribati,1.3,2011
296,Kiribati,1.29,2012
296,Kiribati,1.28,2013
296,Kiribati,0.8,2014
296,Kiribati,0.84,2015
296,Kiribati,0.87,2016
296,Kiribati,0.88,2017
296,Kiribati,1.03,2018
300,Greece,0.81,2000
300,Greece,0.1827777777777777,2001
300,Greece,0.88,2002
300,Greece,0.48,2003
300,Greece,0.49,2004
300,Greece,0.51,2005
300,Greece,0.63,2006
300,Greece,0.52,2007
300,Greece,0.27,2008
300,Greece,-0.21,2009
300,Greece,-0.13,2010
300,Greece,-0.1,2011
300,Greece,-0.22,2012
300,Greece,-0.17,2013
300,Greece,-0.14,2014
300,Greece,-0.23,2015
300,Greece,-0.12,2016
300,Greece,-0.07,2017
300,Greece,0.09,2018
304,Greenland,1.866,2001
304,Greenland,1.52,2009
304,Greenland,1.65,2010
304,Greenland,1.94,2011
304,Greenland,1.93,2012
304,Greenland,1.93,2013
304,Greenland,1.92,2014
304,Greenland,1.94,2015
304,Greenland,1.97,2016
304,Greenland,1.92,2017
304,Greenland,1.94,2018
308,Grenada,1.02,2000
308,Grenada,0.6700000000000002,2001
308,Grenada,0.92,2002
308,Grenada,0.89,2003
308,Grenada,0.88,2004
308,Grenada,0.41,2005
308,Grenada,0.39,2006
308,Grenada,0.38,2007
308,Grenada,0.39,2008
308,Grenada,0.39,2009
308,Grenada,0.52,2010
308,Grenada,0.36,2011
308,Grenada,0.49,2012
308,Grenada,0.43,2013
308,Grenada,0.77,2014
308,Grenada,0.79,2015
308,Grenada,1.02,2016
308,Grenada,1.01,2017
308,Grenada,1,2018
320,Guatemala,-0.77,2000
320,Guatemala,-0.7283333333333334,2001
320,Guatemala,-0.84,2002
320,Guatemala,-0.78,2003
320,Guatemala,-0.81,2004
320,Guatemala,-0.84,2005
320,Guatemala,-0.74,2006
320,Guatemala,-0.75,2007
320,Guatemala,-0.71,2008
320,Guatemala,-0.93,2009
320,Guatemala,-0.85,2010
320,Guatemala,-0.74,2011
320,Guatemala,-0.63,2012
320,Guatemala,-0.67,2013
320,Guatemala,-0.66,2014
320,Guatemala,-0.66,2015
320,Guatemala,-0.54,2016
320,Guatemala,-0.65,2017
320,Guatemala,-0.54,2018
324,Guinea,-1.91,2000
324,Guinea,-1.3199999999999998,2001
324,Guinea,-1.42,2002
324,Guinea,-0.79,2003
324,Guinea,-1.03,2004
324,Guinea,-1.16,2005
324,Guinea,-1.91,2006
324,Guinea,-2.4,2007
324,Guinea,-2.1,2008
324,Guinea,-2.12,2009
324,Guinea,-1.69,2010
324,Guinea,-1.39,2011
324,Guinea,-1.29,2012
324,Guinea,-1.23,2013
324,Guinea,-0.96,2014
324,Guinea,-0.39,2015
324,Guinea,-0.39,2016
324,Guinea,-0.7,2017
324,Guinea,-0.88,2018
328,Guyana,-0.49,2000
328,Guyana,-0.41333333333333333,2001
328,Guyana,-0.56,2002
328,Guyana,-0.44,2003
328,Guyana,-0.56,2004
328,Guyana,-0.46,2005
328,Guyana,-0.73,2006
328,Guyana,-0.56,2007
328,Guyana,-0.63,2008
328,Guyana,-0.63,2009
328,Guyana,-0.46,2010
328,Guyana,-0.43,2011
328,Guyana,-0.5,2012
328,Guyana,-0.46,2013
328,Guyana,-0.14,2014
328,Guyana,-0.14,2015
328,Guyana,-0.03,2016
328,Guyana,-0.04,2017
328,Guyana,-0.18,2018
332,Haiti,-0.63,2000
332,Haiti,-1.0427777777777778,2001
332,Haiti,-1.26,2002
332,Haiti,-1.32,2003
332,Haiti,-1.99,2004
332,Haiti,-1.81,2005
332,Haiti,-1.39,2006
332,Haiti,-1.32,2007
332,Haiti,-1.39,2008
332,Haiti,-0.96,2009
332,Haiti,-0.94,2010
332,Haiti,-0.99,2011
332,Haiti,-0.79,2012
332,Haiti,-0.63,2013
332,Haiti,-0.64,2014
332,Haiti,-0.67,2015
332,Haiti,-0.74,2016
332,Haiti,-0.67,2017
332,Haiti,-0.63,2018
340,Honduras,-0.08,2000
340,Honduras,-0.43944444444444447,2001
340,Honduras,-0.26,2002
340,Honduras,-0.38,2003
340,Honduras,-0.39,2004
340,Honduras,-0.63,2005
340,Honduras,-0.67,2006
340,Honduras,-0.44,2007
340,Honduras,-0.53,2008
340,Honduras,-0.31,2009
340,Honduras,-0.5,2010
340,Honduras,-0.39,2011
340,Honduras,-0.35,2012
340,Honduras,-0.44,2013
340,Honduras,-0.53,2014
340,Honduras,-0.47,2015
340,Honduras,-0.43,2016
340,Honduras,-0.56,2017
340,Honduras,-0.55,2018
348,Hungary,0.92,2000
348,Hungary,0.8177777777777777,2001
348,Hungary,1.26,2002
348,Hungary,1.13,2003
348,Hungary,0.83,2004
348,Hungary,1,2005
348,Hungary,0.99,2006
348,Hungary,0.75,2007
348,Hungary,0.75,2008
348,Hungary,0.54,2009
348,Hungary,0.69,2010
348,Hungary,0.74,2011
348,Hungary,0.68,2012
348,Hungary,0.8,2013
348,Hungary,0.67,2014
348,Hungary,0.75,2015
348,Hungary,0.65,2016
348,Hungary,0.81,2017
348,Hungary,0.76,2018
352,Iceland,1.58,2000
352,Iceland,1.3577777777777778,2001
352,Iceland,1.62,2002
352,Iceland,1.52,2003
352,Iceland,1.46,2004
352,Iceland,1.44,2005
352,Iceland,1.45,2006
352,Iceland,1.48,2007
352,Iceland,1.22,2008
352,Iceland,1.19,2009
352,Iceland,1.02,2010
352,Iceland,1.24,2011
352,Iceland,1.25,2012
352,Iceland,1.29,2013
352,Iceland,1.25,2014
352,Iceland,1.31,2015
352,Iceland,1.36,2016
352,Iceland,1.35,2017
352,Iceland,1.41,2018
356,India,-1,2000
356,India,-1.135,2001
356,India,-1.21,2002
356,India,-1.51,2003
356,India,-1.28,2004
356,India,-1.01,2005
356,India,-1.06,2006
356,India,-1.15,2007
356,India,-1.11,2008
356,India,-1.35,2009
356,India,-1.28,2010
356,India,-1.33,2011
356,India,-1.29,2012
356,India,-1.23,2013
356,India,-1,2014
356,India,-0.95,2015
356,India,-0.95,2016
356,India,-0.76,2017
356,India,-0.96,2018
360,Indonesia,-2,2000
360,Indonesia,-1.0388888888888888,2001
360,Indonesia,-1.58,2002
360,Indonesia,-2.09,2003
360,Indonesia,-1.91,2004
360,Indonesia,-1.52,2005
360,Indonesia,-1.42,2006
360,Indonesia,-1.2,2007
360,Indonesia,-1.06,2008
360,Indonesia,-0.75,2009
360,Indonesia,-0.85,2010
360,Indonesia,-0.77,2011
360,Indonesia,-0.59,2012
360,Indonesia,-0.52,2013
360,Indonesia,-0.42,2014
360,Indonesia,-0.62,2015
360,Indonesia,-0.37,2016
360,Indonesia,-0.5,2017
360,Indonesia,-0.53,2018
364,Iran (Islamic Republic of),-0.73,2000
364,Iran (Islamic Republic of),-1.0422222222222222,2001
364,Iran (Islamic Republic of),-0.77,2002
364,Iran (Islamic Republic of),-0.78,2003
364,Iran (Islamic Republic of),-0.76,2004
364,Iran (Islamic Republic of),-0.78,2005
364,Iran (Islamic Republic of),-1.04,2006
364,Iran (Islamic Republic of),-0.93,2007
364,Iran (Islamic Republic of),-0.94,2008
364,Iran (Islamic Republic of),-1.56,2009
364,Iran (Islamic Republic of),-1.63,2010
364,Iran (Islamic Republic of),-1.42,2011
364,Iran (Islamic Republic of),-1.32,2012
364,Iran (Islamic Republic of),-1.25,2013
364,Iran (Islamic Republic of),-0.87,2014
364,Iran (Islamic Republic of),-0.93,2015
364,Iran (Islamic Republic of),-0.81,2016
364,Iran (Islamic Republic of),-0.93,2017
364,Iran (Islamic Republic of),-1.31,2018
368,Iraq,-1.74,2000
368,Iraq,-2.3227777777777776,2001
368,Iraq,-1.61,2002
368,Iraq,-2.39,2003
368,Iraq,-3.18,2004
368,Iraq,-2.69,2005
368,Iraq,-2.83,2006
368,Iraq,-2.77,2007
368,Iraq,-2.47,2008
368,Iraq,-2.18,2009
368,Iraq,-2.24,2010
368,Iraq,-1.85,2011
368,Iraq,-1.93,2012
368,Iraq,-2.01,2013
368,Iraq,-2.48,2014
368,Iraq,-2.26,2015
368,Iraq,-2.31,2016
368,Iraq,-2.31,2017
368,Iraq,-2.56,2018
372,Ireland,1.59,2000
372,Ireland,1.1233333333333333,2001
372,Ireland,1.51,2002
372,Ireland,1.35,2003
372,Ireland,1.17,2004
372,Ireland,1.3,2005
372,Ireland,1.19,2006
372,Ireland,1.21,2007
372,Ireland,1.19,2008
372,Ireland,1.06,2009
372,Ireland,1.02,2010
372,Ireland,0.95,2011
372,Ireland,0.94,2012
372,Ireland,0.9,2013
372,Ireland,1.05,2014
372,Ireland,0.91,2015
372,Ireland,0.85,2016
372,Ireland,1,2017
372,Ireland,1.03,2018
376,Israel,-1.04,2000
376,Israel,-1.195,2001
376,Israel,-1.46,2002
376,Israel,-1.52,2003
376,Israel,-1.32,2004
376,Israel,-1.25,2005
376,Israel,-1.26,2006
376,Israel,-1.25,2007
376,Israel,-1.32,2008
376,Israel,-1.63,2009
376,Israel,-1.34,2010
376,Israel,-1.2,2011
376,Israel,-1.08,2012
376,Israel,-1.1,2013
376,Israel,-1.04,2014
376,Israel,-1.09,2015
376,Israel,-0.79,2016
376,Israel,-0.89,2017
376,Israel,-0.93,2018
380,Italy,0.92,2000
380,Italy,0.4799999999999999,2001
380,Italy,0.84,2002
380,Italy,0.43,2003
380,Italy,0.27,2004
380,Italy,0.49,2005
380,Italy,0.53,2006
380,Italy,0.45,2007
380,Italy,0.55,2008
380,Italy,0.35,2009
380,Italy,0.47,2010
380,Italy,0.5,2011
380,Italy,0.51,2012
380,Italy,0.5,2013
380,Italy,0.46,2014
380,Italy,0.38,2015
380,Italy,0.37,2016
380,Italy,0.31,2017
380,Italy,0.31,2018
384,Côte d'Ivoire,-1.24,2000
384,Côte d'Ivoire,-1.46,2001
384,Côte d'Ivoire,-1.92,2002
384,Côte d'Ivoire,-1.8,2003
384,Côte d'Ivoire,-2.12,2004
384,Côte d'Ivoire,-2.26,2005
384,Côte d'Ivoire,-1.87,2006
384,Côte d'Ivoire,-1.84,2007
384,Côte d'Ivoire,-1.81,2008
384,Côte d'Ivoire,-1.32,2009
384,Côte d'Ivoire,-1.58,2010
384,Côte d'Ivoire,-1.41,2011
384,Côte d'Ivoire,-1.26,2012
384,Côte d'Ivoire,-1.05,2013
384,Côte d'Ivoire,-1.04,2014
384,Côte d'Ivoire,-0.83,2015
384,Côte d'Ivoire,-0.91,2016
384,Côte d'Ivoire,-1.09,2017
384,Côte d'Ivoire,-0.93,2018
388,Jamaica,0.19,2000
388,Jamaica,-0.06944444444444442,2001
388,Jamaica,-0.21,2002
388,Jamaica,-0.38,2003
388,Jamaica,-0.35,2004
388,Jamaica,-0.3,2005
388,Jamaica,-0.32,2006
388,Jamaica,-0.25,2007
388,Jamaica,-0.31,2008
388,Jamaica,-0.36,2009
388,Jamaica,-0.43,2010
388,Jamaica,-0.06,2011
388,Jamaica,0.12,2012
388,Jamaica,0.18,2013
388,Jamaica,0.02,2014
388,Jamaica,0.1,2015
388,Jamaica,0.31,2016
388,Jamaica,0.31,2017
388,Jamaica,0.49,2018
392,Japan,1.2,2000
392,Japan,1.03,2001
392,Japan,1.18,2002
392,Japan,1.03,2003
392,Japan,1.03,2004
392,Japan,1.04,2005
392,Japan,1.14,2006
392,Japan,1.01,2007
392,Japan,0.89,2008
392,Japan,0.98,2009
392,Japan,0.88,2010
392,Japan,1,2011
392,Japan,0.95,2012
392,Japan,1.02,2013
392,Japan,0.97,2014
392,Japan,1.07,2015
392,Japan,0.98,2016
392,Japan,1.11,2017
392,Japan,1.06,2018
398,Kazakhstan,0.09,2000
398,Kazakhstan,0.15277777777777776,2001
398,Kazakhstan,0.36,2002
398,Kazakhstan,0.36,2003
398,Kazakhstan,0.07,2004
398,Kazakhstan,0.19,2005
398,Kazakhstan,0.21,2006
398,Kazakhstan,0.65,2007
398,Kazakhstan,0.62,2008
398,Kazakhstan,0.78,2009
398,Kazakhstan,0.52,2010
398,Kazakhstan,-0.34,2011
398,Kazakhstan,-0.41,2012
398,Kazakhstan,-0.4,2013
398,Kazakhstan,0.04,2014
398,Kazakhstan,-0.04,2015
398,Kazakhstan,0.01,2016
398,Kazakhstan,0.04,2017
398,Kazakhstan,0,2018
400,Jordan,0,2000
400,Jordan,-0.3966666666666667,2001
400,Jordan,-0.46,2002
400,Jordan,-0.07,2003
400,Jordan,-0.23,2004
400,Jordan,-0.13,2005
400,Jordan,-0.76,2006
400,Jordan,-0.3,2007
400,Jordan,-0.37,2008
400,Jordan,-0.35,2009
400,Jordan,-0.31,2010
400,Jordan,-0.51,2011
400,Jordan,-0.52,2012
400,Jordan,-0.61,2013
400,Jordan,-0.54,2014
400,Jordan,-0.61,2015
400,Jordan,-0.49,2016
400,Jordan,-0.5,2017
400,Jordan,-0.38,2018
404,Kenya,-1.07,2000
404,Kenya,-1.2316666666666667,2001
404,Kenya,-1.19,2002
404,Kenya,-1.26,2003
404,Kenya,-1.09,2004
404,Kenya,-1.25,2005
404,Kenya,-1.13,2006
404,Kenya,-1.3,2007
404,Kenya,-1.39,2008
404,Kenya,-1.43,2009
404,Kenya,-1.17,2010
404,Kenya,-1.24,2011
404,Kenya,-1.32,2012
404,Kenya,-1.17,2013
404,Kenya,-1.28,2014
404,Kenya,-1.24,2015
404,Kenya,-1.35,2016
404,Kenya,-1.13,2017
404,Kenya,-1.16,2018
408,Democratic People's Republic of Korea,-0.01,2000
408,Democratic People's Republic of Korea,-0.17666666666666667,2001
408,Democratic People's Republic of Korea,0.18,2002
408,Democratic People's Republic of Korea,0.22,2003
408,Democratic People's Republic of Korea,0.22,2004
408,Democratic People's Republic of Korea,0.02,2005
408,Democratic People's Republic of Korea,-0.03,2006
408,Democratic People's Republic of Korea,0.54,2007
408,Democratic People's Republic of Korea,0.52,2008
408,Democratic People's Republic of Korea,-0.03,2009
408,Democratic People's Republic of Korea,-0.3,2010
408,Democratic People's Republic of Korea,-0.25,2011
408,Democratic People's Republic of Korea,-0.01,2012
408,Democratic People's Republic of Korea,-0.44,2013
408,Democratic People's Republic of Korea,-1.13,2014
408,Democratic People's Republic of Korea,-1.15,2015
408,Democratic People's Republic of Korea,-0.68,2016
408,Democratic People's Republic of Korea,-0.5,2017
408,Democratic People's Republic of Korea,-0.35,2018
410,Republic of Korea,0.4,2000
410,Republic of Korea,0.34444444444444444,2001
410,Republic of Korea,0.24,2002
410,Republic of Korea,0.25,2003
410,Republic of Korea,0.43,2004
410,Republic of Korea,0.48,2005
410,Republic of Korea,0.42,2006
410,Republic of Korea,0.57,2007
410,Republic of Korea,0.42,2008
410,Republic of Korea,0.41,2009
410,Republic of Korea,0.33,2010
410,Republic of Korea,0.41,2011
410,Republic of Korea,0.27,2012
410,Republic of Korea,0.28,2013
410,Republic of Korea,0.11,2014
410,Republic of Korea,0.16,2015
410,Republic of Korea,0.16,2016
410,Republic of Korea,0.32,2017
410,Republic of Korea,0.54,2018
414,Kuwait,0.75,2000
414,Kuwait,0.2466666666666666,2001
414,Kuwait,-0.15,2002
414,Kuwait,0.29,2003
414,Kuwait,0.34,2004
414,Kuwait,0.25,2005
414,Kuwait,0.41,2006
414,Kuwait,0.62,2007
414,Kuwait,0.5,2008
414,Kuwait,0.35,2009
414,Kuwait,0.45,2010
414,Kuwait,0.31,2011
414,Kuwait,0.2,2012
414,Kuwait,0.17,2013
414,Kuwait,0.15,2014
414,Kuwait,-0.21,2015
414,Kuwait,-0.05,2016
414,Kuwait,-0.05,2017
414,Kuwait,0.11,2018
417,Kyrgyzstan,-0.18,2000
417,Kyrgyzstan,-0.8400000000000001,2001
417,Kyrgyzstan,-0.61,2002
417,Kyrgyzstan,-1.1,2003
417,Kyrgyzstan,-1.18,2004
417,Kyrgyzstan,-1.18,2005
417,Kyrgyzstan,-1.39,2006
417,Kyrgyzstan,-0.99,2007
417,Kyrgyzstan,-0.57,2008
417,Kyrgyzstan,-0.62,2009
417,Kyrgyzstan,-1.04,2010
417,Kyrgyzstan,-1.1,2011
417,Kyrgyzstan,-0.91,2012
417,Kyrgyzstan,-0.91,2013
417,Kyrgyzstan,-0.8,2014
417,Kyrgyzstan,-0.88,2015
417,Kyrgyzstan,-0.65,2016
417,Kyrgyzstan,-0.43,2017
417,Kyrgyzstan,-0.58,2018
418,Lao People's Democratic Republic,-0.58,2000
418,Lao People's Democratic Republic,-0.07055555555555548,2001
418,Lao People's Democratic Republic,-0.1,2002
418,Lao People's Democratic Republic,-1.23,2003
418,Lao People's Democratic Republic,-0.61,2004
418,Lao People's Democratic Republic,-0.49,2005
418,Lao People's Democratic Republic,-0.09,2006
418,Lao People's Democratic Republic,-0.18,2007
418,Lao People's Democratic Republic,0.02,2008
418,Lao People's Democratic Republic,-0.16,2009
418,Lao People's Democratic Republic,-0.28,2010
418,Lao People's Democratic Republic,-0.06,2011
418,Lao People's Democratic Republic,0.03,2012
418,Lao People's Democratic Republic,0.07,2013
418,Lao People's Democratic Republic,0.5,2014
418,Lao People's Democratic Republic,0.54,2015
418,Lao People's Democratic Republic,0.53,2016
418,Lao People's Democratic Republic,0.4,2017
418,Lao People's Democratic Republic,0.42,2018
422,Lebanon,-0.44,2000
422,Lebanon,-1.3983333333333334,2001
422,Lebanon,-0.36,2002
422,Lebanon,-0.46,2003
422,Lebanon,-0.71,2004
422,Lebanon,-1,2005
422,Lebanon,-1.81,2006
422,Lebanon,-2.12,2007
422,Lebanon,-1.88,2008
422,Lebanon,-1.56,2009
422,Lebanon,-1.63,2010
422,Lebanon,-1.56,2011
422,Lebanon,-1.66,2012
422,Lebanon,-1.69,2013
422,Lebanon,-1.7,2014
422,Lebanon,-1.7,2015
422,Lebanon,-1.62,2016
422,Lebanon,-1.63,2017
422,Lebanon,-1.64,2018
426,Lesotho,0.1,2000
426,Lesotho,0.015,2001
426,Lesotho,-0.05,2002
426,Lesotho,0.1,2003
426,Lesotho,0.36,2004
426,Lesotho,0,2005
426,Lesotho,-0.13,2006
426,Lesotho,-0.39,2007
426,Lesotho,-0.21,2008
426,Lesotho,0.33,2009
426,Lesotho,0.46,2010
426,Lesotho,0.38,2011
426,Lesotho,0.27,2012
426,Lesotho,0.34,2013
426,Lesotho,-0.33,2014
426,Lesotho,-0.31,2015
426,Lesotho,-0.24,2016
426,Lesotho,-0.19,2017
426,Lesotho,-0.22,2018
428,Latvia,0.42,2000
428,Latvia,0.5511111111111111,2001
428,Latvia,0.94,2002
428,Latvia,1,2003
428,Latvia,0.62,2004
428,Latvia,0.81,2005
428,Latvia,0.84,2006
428,Latvia,0.56,2007
428,Latvia,0.2,2008
428,Latvia,0.35,2009
428,Latvia,0.53,2010
428,Latvia,0.32,2011
428,Latvia,0.45,2012
428,Latvia,0.59,2013
428,Latvia,0.49,2014
428,Latvia,0.44,2015
428,Latvia,0.48,2016
428,Latvia,0.46,2017
428,Latvia,0.42,2018
430,Liberia,-1.95,2000
430,Liberia,-1.0127777777777776,2001
430,Liberia,-2.19,2002
430,Liberia,-2.16,2003
430,Liberia,-1.37,2004
430,Liberia,-1.36,2005
430,Liberia,-1.33,2006
430,Liberia,-1.24,2007
430,Liberia,-1.29,2008
430,Liberia,-1.05,2009
430,Liberia,-0.47,2010
430,Liberia,-0.43,2011
430,Liberia,-0.48,2012
430,Liberia,-0.48,2013
430,Liberia,-0.62,2014
430,Liberia,-0.82,2015
430,Liberia,-0.44,2016
430,Liberia,-0.36,2017
430,Liberia,-0.19,2018
434,Libya,-0.3,2000
434,Libya,-0.7244444444444444,2001
434,Libya,-0.1,2002
434,Libya,0.12,2003
434,Libya,0.36,2004
434,Libya,0.45,2005
434,Libya,0.36,2006
434,Libya,0.75,2007
434,Libya,0.81,2008
434,Libya,0.83,2009
434,Libya,0.03,2010
434,Libya,-1.29,2011
434,Libya,-1.59,2012
434,Libya,-1.84,2013
434,Libya,-2.35,2014
434,Libya,-2.2,2015
434,Libya,-2.28,2016
434,Libya,-2.36,2017
434,Libya,-2.44,2018
440,Lithuania,0.42,2000
440,Lithuania,0.7766666666666666,2001
440,Lithuania,0.89,2002
440,Lithuania,1.05,2003
440,Lithuania,0.77,2004
440,Lithuania,0.78,2005
440,Lithuania,0.87,2006
440,Lithuania,0.82,2007
440,Lithuania,0.75,2008
440,Lithuania,0.63,2009
440,Lithuania,0.72,2010
440,Lithuania,0.67,2011
440,Lithuania,0.79,2012
440,Lithuania,0.96,2013
440,Lithuania,0.74,2014
440,Lithuania,0.76,2015
440,Lithuania,0.83,2016
440,Lithuania,0.78,2017
440,Lithuania,0.75,2018
442,Luxembourg,1.61,2000
442,Luxembourg,1.4205555555555556,2001
442,Luxembourg,1.64,2002
442,Luxembourg,1.44,2003
442,Luxembourg,1.32,2004
442,Luxembourg,1.33,2005
442,Luxembourg,1.4,2006
442,Luxembourg,1.48,2007
442,Luxembourg,1.51,2008
442,Luxembourg,1.45,2009
442,Luxembourg,1.46,2010
442,Luxembourg,1.32,2011
442,Luxembourg,1.33,2012
442,Luxembourg,1.34,2013
442,Luxembourg,1.38,2014
442,Luxembourg,1.44,2015
442,Luxembourg,1.42,2016
442,Luxembourg,1.33,2017
442,Luxembourg,1.37,2018
450,Madagascar,0.16,2000
450,Madagascar,-0.2861111111111112,2001
450,Madagascar,-0.23,2002
450,Madagascar,0.62,2003
450,Madagascar,0.24,2004
450,Madagascar,-0.02,2005
450,Madagascar,0.18,2006
450,Madagascar,0.09,2007
450,Madagascar,-0.47,2008
450,Madagascar,-0.73,2009
450,Madagascar,-0.98,2010
450,Madagascar,-0.71,2011
450,Madagascar,-0.54,2012
450,Madagascar,-0.66,2013
450,Madagascar,-0.56,2014
450,Madagascar,-0.43,2015
450,Madagascar,-0.29,2016
450,Madagascar,-0.3,2017
450,Madagascar,-0.52,2018
454,Malawi,-0.33,2000
454,Malawi,-0.03888888888888886,2001
454,Malawi,0,2002
454,Malawi,0.04,2003
454,Malawi,0.12,2004
454,Malawi,0.1,2005
454,Malawi,0.12,2006
454,Malawi,0.08,2007
454,Malawi,-0.06,2008
454,Malawi,0.05,2009
454,Malawi,0.04,2010
454,Malawi,-0.07,2011
454,Malawi,0,2012
454,Malawi,-0.21,2013
454,Malawi,0.08,2014
454,Malawi,0.03,2015
454,Malawi,-0.11,2016
454,Malawi,-0.25,2017
454,Malawi,-0.33,2018
458,Malaysia,0.09,2000
458,Malaysia,0.21499999999999997,2001
458,Malaysia,0.54,2002
458,Malaysia,0.49,2003
458,Malaysia,0.35,2004
458,Malaysia,0.56,2005
458,Malaysia,0.29,2006
458,Malaysia,0.19,2007
458,Malaysia,0.11,2008
458,Malaysia,-0.04,2009
458,Malaysia,0.14,2010
458,Malaysia,0.08,2011
458,Malaysia,-0.01,2012
458,Malaysia,0.05,2013
458,Malaysia,0.27,2014
458,Malaysia,0.26,2015
458,Malaysia,0.14,2016
458,Malaysia,0.12,2017
458,Malaysia,0.24,2018
462,Maldives,1.18,2000
462,Maldives,0.3472222222222221,2001
462,Maldives,1.08,2002
462,Maldives,1.03,2003
462,Maldives,0.5,2004
462,Maldives,0.81,2005
462,Maldives,0.76,2006
462,Maldives,0.08,2007
462,Maldives,-0.16,2008
462,Maldives,-0.23,2009
462,Maldives,-0.17,2010
462,Maldives,-0.24,2011
462,Maldives,-0.37,2012
462,Maldives,0.13,2013
462,Maldives,0.68,2014
462,Maldives,0.42,2015
462,Maldives,0.42,2016
462,Maldives,0.23,2017
462,Maldives,0.1,2018
466,Mali,0.24,2000
466,Mali,-0.6283333333333333,2001
466,Mali,0.41,2002
466,Mali,0.26,2003
466,Mali,0.45,2004
466,Mali,0.18,2005
466,Mali,0.41,2006
466,Mali,0.23,2007
466,Mali,0.21,2008
466,Mali,-0.08,2009
466,Mali,-0.18,2010
466,Mali,-0.71,2011
466,Mali,-2.03,2012
466,Mali,-1.72,2013
466,Mali,-1.71,2014
466,Mali,-1.69,2015
466,Mali,-1.62,2016
466,Mali,-1.91,2017
466,Mali,-2.05,2018
470,Malta,1.59,2000
470,Malta,1.2605555555555557,2001
470,Malta,1.6,2002
470,Malta,1.55,2003
470,Malta,1.32,2004
470,Malta,1.38,2005
470,Malta,1.23,2006
470,Malta,1.27,2007
470,Malta,1.27,2008
470,Malta,1.25,2009
470,Malta,1.25,2010
470,Malta,1.06,2011
470,Malta,1.07,2012
470,Malta,1.04,2013
470,Malta,1.13,2014
470,Malta,1.06,2015
470,Malta,1.08,2016
470,Malta,1.25,2017
470,Malta,1.29,2018
478,Mauritania,0.34,2000
478,Mauritania,-0.49166666666666664,2001
478,Mauritania,0.38,2002
478,Mauritania,0.06,2003
478,Mauritania,-0.17,2004
478,Mauritania,-0.23,2005
478,Mauritania,0.24,2006
478,Mauritania,-0.28,2007
478,Mauritania,-0.64,2008
478,Mauritania,-0.88,2009
478,Mauritania,-1.08,2010
478,Mauritania,-1.17,2011
478,Mauritania,-1.13,2012
478,Mauritania,-1.01,2013
478,Mauritania,-0.59,2014
478,Mauritania,-0.64,2015
478,Mauritania,-0.75,2016
478,Mauritania,-0.63,2017
478,Mauritania,-0.67,2018
480,Mauritius,0.76,2000
480,Mauritius,0.8983333333333333,2001
480,Mauritius,1.12,2002
480,Mauritius,1.01,2003
480,Mauritius,0.97,2004
480,Mauritius,1.03,2005
480,Mauritius,0.78,2006
480,Mauritius,0.88,2007
480,Mauritius,0.89,2008
480,Mauritius,0.71,2009
480,Mauritius,0.64,2010
480,Mauritius,0.95,2011
480,Mauritius,0.97,2012
480,Mauritius,0.94,2013
480,Mauritius,0.67,2014
480,Mauritius,1,2015
480,Mauritius,1.01,2016
480,Mauritius,0.97,2017
480,Mauritius,0.87,2018
484,Mexico,-0.2,2000
484,Mexico,-0.5688888888888889,2001
484,Mexico,-0.06,2002
484,Mexico,-0.12,2003
484,Mexico,-0.21,2004
484,Mexico,-0.45,2005
484,Mexico,-0.64,2006
484,Mexico,-0.73,2007
484,Mexico,-0.8,2008
484,Mexico,-0.69,2009
484,Mexico,-0.73,2010
484,Mexico,-0.67,2011
484,Mexico,-0.66,2012
484,Mexico,-0.71,2013
484,Mexico,-0.85,2014
484,Mexico,-0.8,2015
484,Mexico,-0.63,2016
484,Mexico,-0.72,2017
484,Mexico,-0.57,2018
496,Mongolia,0.82,2000
496,Mongolia,0.7294444444444445,2001
496,Mongolia,1.17,2002
496,Mongolia,0.96,2003
496,Mongolia,0.77,2004
496,Mongolia,0.88,2005
496,Mongolia,0.65,2006
496,Mongolia,0.67,2007
496,Mongolia,0.54,2008
496,Mongolia,0.61,2009
496,Mongolia,0.6,2010
496,Mongolia,0.61,2011
496,Mongolia,0.47,2012
496,Mongolia,0.49,2013
496,Mongolia,0.79,2014
496,Mongolia,0.72,2015
496,Mongolia,0.8,2016
496,Mongolia,0.79,2017
496,Mongolia,0.79,2018
498,Republic of Moldova,-0.43,2000
498,Republic of Moldova,-0.2461111111111111,2001
498,Republic of Moldova,-0.16,2002
498,Republic of Moldova,-0.13,2003
498,Republic of Moldova,-0.22,2004
498,Republic of Moldova,-0.4,2005
498,Republic of Moldova,-0.37,2006
498,Republic of Moldova,-0.02,2007
498,Republic of Moldova,-0.27,2008
498,Republic of Moldova,-0.59,2009
498,Republic of Moldova,-0.38,2010
498,Republic of Moldova,-0.05,2011
498,Republic of Moldova,0.05,2012
498,Republic of Moldova,0,2013
498,Republic of Moldova,-0.16,2014
498,Republic of Moldova,-0.33,2015
498,Republic of Moldova,-0.3,2016
498,Republic of Moldova,-0.32,2017
498,Republic of Moldova,-0.35,2018
499,Montenegro,0.36000000000000004,2001
499,Montenegro,0.04,2006
499,Montenegro,0.11,2007
499,Montenegro,0.77,2008
499,Montenegro,0.82,2009
499,Montenegro,0.58,2010
499,Montenegro,0.57,2011
499,Montenegro,0.6,2012
499,Montenegro,0.5,2013
499,Montenegro,0.22,2014
499,Montenegro,0.14,2015
499,Montenegro,0.28,2016
499,Montenegro,-0.06,2017
499,Montenegro,0.11,2018
504,Morocco,-0.07,2000
504,Morocco,-0.3927777777777778,2001
504,Morocco,-0.26,2002
504,Morocco,-0.41,2003
504,Morocco,-0.31,2004
504,Morocco,-0.56,2005
504,Morocco,-0.46,2006
504,Morocco,-0.5,2007
504,Morocco,-0.57,2008
504,Morocco,-0.4,2009
504,Morocco,-0.38,2010
504,Morocco,-0.39,2011
504,Morocco,-0.47,2012
504,Morocco,-0.49,2013
504,Morocco,-0.45,2014
504,Morocco,-0.34,2015
504,Morocco,-0.31,2016
504,Morocco,-0.37,2017
504,Morocco,-0.33,2018
508,Mozambique,-0.13,2000
508,Mozambique,-0.024999999999999953,2001
508,Mozambique,0.19,2002
508,Mozambique,0.25,2003
508,Mozambique,0,2004
508,Mozambique,0.12,2005
508,Mozambique,0.52,2006
508,Mozambique,0.36,2007
508,Mozambique,0.38,2008
508,Mozambique,0.63,2009
508,Mozambique,0.39,2010
508,Mozambique,0.33,2011
508,Mozambique,0.39,2012
508,Mozambique,-0.23,2013
508,Mozambique,-0.34,2014
508,Mozambique,-0.51,2015
508,Mozambique,-1.09,2016
508,Mozambique,-0.93,2017
508,Mozambique,-0.78,2018
512,Oman,1.12,2000
512,Oman,0.7955555555555556,2001
512,Oman,0.93,2002
512,Oman,1.06,2003
512,Oman,1.12,2004
512,Oman,0.95,2005
512,Oman,0.84,2006
512,Oman,0.94,2007
512,Oman,0.92,2008
512,Oman,0.83,2009
512,Oman,0.59,2010
512,Oman,0.43,2011
512,Oman,0.46,2012
512,Oman,0.46,2013
512,Oman,0.73,2014
512,Oman,0.78,2015
512,Oman,0.76,2016
512,Oman,0.75,2017
512,Oman,0.65,2018
516,Namibia,-0.25,2000
516,Namibia,0.7016666666666667,2001
516,Namibia,0.15,2002
516,Namibia,0.48,2003
516,Namibia,0.66,2004
516,Namibia,0.63,2005
516,Namibia,0.78,2006
516,Namibia,1.02,2007
516,Namibia,1.2,2008
516,Namibia,0.93,2009
516,Namibia,0.85,2010
516,Namibia,0.91,2011
516,Namibia,0.98,2012
516,Namibia,0.96,2013
516,Namibia,0.61,2014
516,Namibia,0.73,2015
516,Namibia,0.71,2016
516,Namibia,0.63,2017
516,Namibia,0.65,2018
520,Nauru,0.9512499999999999,2001
520,Nauru,1.17,2003
520,Nauru,1.13,2004
520,Nauru,1.07,2005
520,Nauru,1.04,2006
520,Nauru,1.08,2007
520,Nauru,1.01,2008
520,Nauru,1.38,2009
520,Nauru,1.45,2010
520,Nauru,1.06,2011
520,Nauru,1.03,2012
520,Nauru,1.05,2013
520,Nauru,0.6,2014
520,Nauru,0.54,2015
520,Nauru,0.58,2016
520,Nauru,0.52,2017
520,Nauru,0.51,2018
524,Nepal,-1.17,2000
524,Nepal,-1.425,2001
524,Nepal,-1.72,2002
524,Nepal,-1.89,2003
524,Nepal,-2.15,2004
524,Nepal,-2.1,2005
524,Nepal,-1.89,2006
524,Nepal,-1.88,2007
524,Nepal,-1.83,2008
524,Nepal,-1.62,2009
524,Nepal,-1.58,2010
524,Nepal,-1.42,2011
524,Nepal,-1.38,2012
524,Nepal,-1.13,2013
524,Nepal,-0.72,2014
524,Nepal,-1,2015
524,Nepal,-0.85,2016
524,Nepal,-0.69,2017
524,Nepal,-0.63,2018
528,Netherlands,1.76,2000
528,Netherlands,1.0438888888888889,2001
528,Netherlands,1.31,2002
528,Netherlands,1.16,2003
528,Netherlands,1.02,2004
528,Netherlands,0.99,2005
528,Netherlands,0.9,2006
528,Netherlands,0.78,2007
528,Netherlands,0.87,2008
528,Netherlands,0.94,2009
528,Netherlands,0.94,2010
528,Netherlands,1.11,2011
528,Netherlands,1.19,2012
528,Netherlands,1.14,2013
528,Netherlands,1.05,2014
528,Netherlands,0.93,2015
528,Netherlands,0.91,2016
528,Netherlands,0.92,2017
528,Netherlands,0.87,2018
548,Vanuatu,1.22,2000
548,Vanuatu,1.0027777777777778,2001
548,Vanuatu,1.16,2002
548,Vanuatu,0.76,2003
548,Vanuatu,0.62,2004
548,Vanuatu,1.38,2005
548,Vanuatu,1.35,2006
548,Vanuatu,1.23,2007
548,Vanuatu,1.18,2008
548,Vanuatu,1.23,2009
548,Vanuatu,1.28,2010
548,Vanuatu,1.11,2011
548,Vanuatu,1.2,2012
548,Vanuatu,1.16,2013
548,Vanuatu,0.64,2014
548,Vanuatu,0.48,2015
548,Vanuatu,0.51,2016
548,Vanuatu,0.7,2017
548,Vanuatu,0.84,2018
554,New Zealand,1.36,2000
554,New Zealand,1.3572222222222223,2001
554,New Zealand,1.32,2002
554,New Zealand,1.19,2003
554,New Zealand,1.5,2004
554,New Zealand,1.25,2005
554,New Zealand,1.26,2006
554,New Zealand,1.24,2007
554,New Zealand,1.16,2008
554,New Zealand,1.07,2009
554,New Zealand,1.24,2010
554,New Zealand,1.38,2011
554,New Zealand,1.36,2012
554,New Zealand,1.45,2013
554,New Zealand,1.47,2014
554,New Zealand,1.53,2015
554,New Zealand,1.52,2016
554,New Zealand,1.59,2017
554,New Zealand,1.54,2018
558,Nicaragua,-0.06,2000
558,Nicaragua,-0.2533333333333333,2001
558,Nicaragua,-0.09,2002
558,Nicaragua,-0.37,2003
558,Nicaragua,-0.34,2004
558,Nicaragua,-0.34,2005
558,Nicaragua,-0.27,2006
558,Nicaragua,-0.12,2007
558,Nicaragua,-0.22,2008
558,Nicaragua,-0.31,2009
558,Nicaragua,-0.5,2010
558,Nicaragua,-0.27,2011
558,Nicaragua,-0.35,2012
558,Nicaragua,-0.25,2013
558,Nicaragua,-0.04,2014
558,Nicaragua,-0.09,2015
558,Nicaragua,-0.09,2016
558,Nicaragua,-0.05,2017
558,Nicaragua,-0.8,2018
562,Niger,0.12,2000
562,Niger,-0.7705555555555554,2001
562,Niger,-0.13,2002
562,Niger,0.04,2003
562,Niger,-0.51,2004
562,Niger,-0.49,2005
562,Niger,-0.23,2006
562,Niger,-0.46,2007
562,Niger,-0.67,2008
562,Niger,-1.15,2009
562,Niger,-1.16,2010
562,Niger,-0.88,2011
562,Niger,-1.15,2012
562,Niger,-1.32,2013
562,Niger,-1.18,2014
562,Niger,-1.07,2015
562,Niger,-1.1,2016
562,Niger,-1.27,2017
562,Niger,-1.26,2018
566,Nigeria,-1.46,2000
566,Nigeria,-1.915,2001
566,Nigeria,-1.63,2002
566,Nigeria,-1.63,2003
566,Nigeria,-1.75,2004
566,Nigeria,-1.67,2005
566,Nigeria,-2.03,2006
566,Nigeria,-2.01,2007
566,Nigeria,-1.86,2008
566,Nigeria,-2,2009
566,Nigeria,-2.21,2010
566,Nigeria,-1.96,2011
566,Nigeria,-2.04,2012
566,Nigeria,-2.09,2013
566,Nigeria,-2.13,2014
566,Nigeria,-1.93,2015
566,Nigeria,-1.88,2016
566,Nigeria,-2,2017
566,Nigeria,-2.19,2018
570,Niue,1.23,2001
570,Niue,1.14,2009
570,Niue,1.32,2010
578,Norway,1.53,2000
578,Norway,1.2761111111111112,2001
578,Norway,1.61,2002
578,Norway,1.21,2003
578,Norway,1.2,2004
578,Norway,1.3,2005
578,Norway,1.25,2006
578,Norway,1.15,2007
578,Norway,1.29,2008
578,Norway,1.28,2009
578,Norway,1.33,2010
578,Norway,1.34,2011
578,Norway,1.33,2012
578,Norway,1.35,2013
578,Norway,1.12,2014
578,Norway,1.16,2015
578,Norway,1.2,2016
578,Norway,1.17,2017
578,Norway,1.15,2018
583,Micronesia (Federated States of),1.1037499999999998,2001
583,Micronesia (Federated States of),0.63,2003
583,Micronesia (Federated States of),1,2004
583,Micronesia (Federated States of),1.13,2005
583,Micronesia (Federated States of),1.13,2006
583,Micronesia (Federated States of),1.15,2007
583,Micronesia (Federated States of),1.17,2008
583,Micronesia (Federated States of),1.29,2009
583,Micronesia (Federated States of),1.21,2010
583,Micronesia (Federated States of),1.1,2011
583,Micronesia (Federated States of),1.15,2012
583,Micronesia (Federated States of),1.1,2013
583,Micronesia (Federated States of),0.98,2014
583,Micronesia (Federated States of),1.04,2015
583,Micronesia (Federated States of),1.06,2016
583,Micronesia (Federated States of),1.18,2017
583,Micronesia (Federated States of),1.34,2018
584,Marshall Islands,1.00125,2001
584,Marshall Islands,1.17,2003
584,Marshall Islands,1.13,2004
584,Marshall Islands,1.07,2005
584,Marshall Islands,1.04,2006
584,Marshall Islands,1.08,2007
584,Marshall Islands,1.01,2008
584,Marshall Islands,1.38,2009
584,Marshall Islands,1.15,2010
584,Marshall Islands,1.06,2011
584,Marshall Islands,1.03,2012
584,Marshall Islands,1.05,2013
584,Marshall Islands,0.99,2014
584,Marshall Islands,0.92,2015
584,Marshall Islands,0.21,2016
584,Marshall Islands,0.87,2017
584,Marshall Islands,0.86,2018
585,Palau,1.06625,2001
585,Palau,1.17,2003
585,Palau,1.13,2004
585,Palau,1.07,2005
585,Palau,1.04,2006
585,Palau,1.08,2007
585,Palau,1.01,2008
585,Palau,1.38,2009
585,Palau,1.45,2010
585,Palau,1.06,2011
585,Palau,1.03,2012
585,Palau,1.05,2013
585,Palau,0.99,2014
585,Palau,0.92,2015
585,Palau,0.95,2016
585,Palau,0.87,2017
585,Palau,0.86,2018
586,Pakistan,-1.1,2000
586,Pakistan,-2.227777777777778,2001
586,Pakistan,-1.64,2002
586,Pakistan,-1.55,2003
586,Pakistan,-1.58,2004
586,Pakistan,-1.75,2005
586,Pakistan,-2.03,2006
586,Pakistan,-2.43,2007
586,Pakistan,-2.57,2008
586,Pakistan,-2.64,2009
586,Pakistan,-2.68,2010
586,Pakistan,-2.81,2011
586,Pakistan,-2.68,2012
586,Pakistan,-2.6,2013
586,Pakistan,-2.4,2014
586,Pakistan,-2.48,2015
586,Pakistan,-2.48,2016
586,Pakistan,-2.41,2017
586,Pakistan,-2.27,2018
591,Panama,0.25,2000
591,Panama,0.09,2001
591,Panama,0.34,2002
591,Panama,0.07,2003
591,Panama,0.08,2004
591,Panama,-0.16,2005
591,Panama,-0.07,2006
591,Panama,-0.06,2007
591,Panama,-0.1,2008
591,Panama,0.06,2009
591,Panama,-0.12,2010
591,Panama,-0.03,2011
591,Panama,-0.18,2012
591,Panama,-0.14,2013
591,Panama,0.21,2014
591,Panama,0.39,2015
591,Panama,0.41,2016
591,Panama,0.39,2017
591,Panama,0.28,2018
598,Papua New Guinea,-0.21,2000
598,Papua New Guinea,-0.6177777777777779,2001
598,Papua New Guinea,-0.55,2002
598,Papua New Guinea,-0.56,2003
598,Papua New Guinea,-0.55,2004
598,Papua New Guinea,-0.93,2005
598,Papua New Guinea,-0.87,2006
598,Papua New Guinea,-0.75,2007
598,Papua New Guinea,-0.61,2008
598,Papua New Guinea,-0.79,2009
598,Papua New Guinea,-0.81,2010
598,Papua New Guinea,-0.75,2011
598,Papua New Guinea,-0.59,2012
598,Papua New Guinea,-0.52,2013
598,Papua New Guinea,-0.34,2014
598,Papua New Guinea,-0.42,2015
598,Papua New Guinea,-0.5,2016
598,Papua New Guinea,-0.7,2017
598,Papua New Guinea,-0.67,2018
600,Paraguay,-0.97,2000
600,Paraguay,-0.5794444444444444,2001
600,Paraguay,-1.22,2002
600,Paraguay,-0.75,2003
600,Paraguay,-0.57,2004
600,Paraguay,-0.65,2005
600,Paraguay,-0.77,2006
600,Paraguay,-0.74,2007
600,Paraguay,-0.72,2008
600,Paraguay,-0.88,2009
600,Paraguay,-0.83,2010
600,Paraguay,-0.69,2011
600,Paraguay,-0.87,2012
600,Paraguay,-0.74,2013
600,Paraguay,-0.09,2014
600,Paraguay,0.04,2015
600,Paraguay,0.14,2016
600,Paraguay,0,2017
600,Paraguay,-0.12,2018
604,Peru,-0.99,2000
604,Peru,-0.7755555555555556,2001
604,Peru,-0.97,2002
604,Peru,-1.16,2003
604,Peru,-1.03,2004
604,Peru,-0.98,2005
604,Peru,-0.84,2006
604,Peru,-0.77,2007
604,Peru,-0.89,2008
604,Peru,-1.18,2009
604,Peru,-1,2010
604,Peru,-0.76,2011
604,Peru,-0.91,2012
604,Peru,-0.81,2013
604,Peru,-0.55,2014
604,Peru,-0.4,2015
604,Peru,-0.2,2016
604,Peru,-0.26,2017
604,Peru,-0.26,2018
608,Philippines,-1.39,2000
608,Philippines,-1.333888888888889,2001
608,Philippines,-0.86,2002
608,Philippines,-1.56,2003
608,Philippines,-1.71,2004
608,Philippines,-1.18,2005
608,Philippines,-1.64,2006
608,Philippines,-1.6,2007
608,Philippines,-1.78,2008
608,Philippines,-1.73,2009
608,Philippines,-1.65,2010
608,Philippines,-1.39,2011
608,Philippines,-1.19,2012
608,Philippines,-1.08,2013
608,Philippines,-0.71,2014
608,Philippines,-0.86,2015
608,Philippines,-1.38,2016
608,Philippines,-1.18,2017
608,Philippines,-1.12,2018
616,Poland,0.31,2000
616,Poland,0.6900000000000002,2001
616,Poland,0.74,2002
616,Poland,0.58,2003
616,Poland,0.15,2004
616,Poland,0.36,2005
616,Poland,0.35,2006
616,Poland,0.68,2007
616,Poland,0.91,2008
616,Poland,0.94,2009
616,Poland,1.02,2010
616,Poland,1.07,2011
616,Poland,1.05,2012
616,Poland,0.97,2013
616,Poland,0.84,2014
616,Poland,0.87,2015
616,Poland,0.51,2016
616,Poland,0.52,2017
616,Poland,0.55,2018
620,Portugal,1.4,2000
620,Portugal,0.9788888888888889,2001
620,Portugal,1.44,2002
620,Portugal,1.29,2003
620,Portugal,0.97,2004
620,Portugal,1.02,2005
620,Portugal,0.95,2006
620,Portugal,0.82,2007
620,Portugal,0.99,2008
620,Portugal,0.79,2009
620,Portugal,0.72,2010
620,Portugal,0.74,2011
620,Portugal,0.78,2012
620,Portugal,0.75,2013
620,Portugal,0.81,2014
620,Portugal,0.92,2015
620,Portugal,0.97,2016
620,Portugal,1.12,2017
620,Portugal,1.14,2018
624,Guinea-Bissau,-0.35,2000
624,Guinea-Bissau,-0.6111111111111112,2001
624,Guinea-Bissau,-0.73,2002
624,Guinea-Bissau,-0.49,2003
624,Guinea-Bissau,-0.38,2004
624,Guinea-Bissau,-0.56,2005
624,Guinea-Bissau,-0.5,2006
624,Guinea-Bissau,-0.46,2007
624,Guinea-Bissau,-0.71,2008
624,Guinea-Bissau,-0.67,2009
624,Guinea-Bissau,-0.69,2010
624,Guinea-Bissau,-0.75,2011
624,Guinea-Bissau,-0.97,2012
624,Guinea-Bissau,-0.9,2013
624,Guinea-Bissau,-0.71,2014
624,Guinea-Bissau,-0.52,2015
624,Guinea-Bissau,-0.44,2016
624,Guinea-Bissau,-0.5,2017
624,Guinea-Bissau,-0.67,2018
626,Timor-Leste,0.44,2000
626,Timor-Leste,-0.36222222222222217,2001
626,Timor-Leste,-0.49,2002
626,Timor-Leste,-0.29,2003
626,Timor-Leste,-0.16,2004
626,Timor-Leste,-0.71,2005
626,Timor-Leste,-1.16,2006
626,Timor-Leste,-1.1,2007
626,Timor-Leste,-0.8,2008
626,Timor-Leste,-0.57,2009
626,Timor-Leste,-0.47,2010
626,Timor-Leste,-0.46,2011
626,Timor-Leste,-0.28,2012
626,Timor-Leste,-0.38,2013
626,Timor-Leste,-0.18,2014
626,Timor-Leste,-0.27,2015
626,Timor-Leste,-0.01,2016
626,Timor-Leste,0.07,2017
626,Timor-Leste,0.3,2018
630,Puerto Rico,0.26,2000
630,Puerto Rico,0.4522222222222222,2001
630,Puerto Rico,0.3,2002
630,Puerto Rico,0.31,2003
630,Puerto Rico,0.56,2004
630,Puerto Rico,0.45,2005
630,Puerto Rico,0.38,2006
630,Puerto Rico,0.41,2007
630,Puerto Rico,0.27,2008
630,Puerto Rico,0.16,2009
630,Puerto Rico,0.36,2010
630,Puerto Rico,0.6,2011
630,Puerto Rico,0.58,2012
630,Puerto Rico,0.25,2013
630,Puerto Rico,0.82,2014
630,Puerto Rico,0.86,2015
630,Puerto Rico,0.69,2016
630,Puerto Rico,0.48,2017
630,Puerto Rico,0.4,2018
634,Qatar,1.16,2000
634,Qatar,1.0283333333333333,2001
634,Qatar,0.83,2002
634,Qatar,1.19,2003
634,Qatar,1.12,2004
634,Qatar,1.03,2005
634,Qatar,0.93,2006
634,Qatar,0.95,2007
634,Qatar,1.11,2008
634,Qatar,1.22,2009
634,Qatar,1.15,2010
634,Qatar,1.17,2011
634,Qatar,1.22,2012
634,Qatar,1.21,2013
634,Qatar,0.98,2014
634,Qatar,1,2015
634,Qatar,0.9,2016
634,Qatar,0.66,2017
634,Qatar,0.68,2018
642,Romania,-0.38,2000
642,Romania,0.15499999999999992,2001
642,Romania,0.46,2002
642,Romania,0.32,2003
642,Romania,0.06,2004
642,Romania,0.08,2005
642,Romania,0.15,2006
642,Romania,0.2,2007
642,Romania,0.18,2008
642,Romania,0.36,2009
642,Romania,0.27,2010
642,Romania,0.19,2011
642,Romania,0.08,2012
642,Romania,0.18,2013
642,Romania,0.05,2014
642,Romania,0.19,2015
642,Romania,0.28,2016
642,Romania,0.06,2017
642,Romania,0.06,2018
643,Russian Federation,-1.4,2000
643,Russian Federation,-0.9516666666666667,2001
643,Russian Federation,-0.72,2002
643,Russian Federation,-1.19,2003
643,Russian Federation,-1.51,2004
643,Russian Federation,-1.27,2005
643,Russian Federation,-0.91,2006
643,Russian Federation,-0.86,2007
643,Russian Federation,-0.75,2008
643,Russian Federation,-0.97,2009
643,Russian Federation,-0.93,2010
643,Russian Federation,-1,2011
643,Russian Federation,-0.82,2012
643,Russian Federation,-0.74,2013
643,Russian Federation,-0.94,2014
643,Russian Federation,-1.03,2015
643,Russian Federation,-0.95,2016
643,Russian Federation,-0.64,2017
643,Russian Federation,-0.5,2018
646,Rwanda,-1.69,2000
646,Rwanda,-0.5244444444444443,2001
646,Rwanda,-1.65,2002
646,Rwanda,-1.11,2003
646,Rwanda,-1.19,2004
646,Rwanda,-1,2005
646,Rwanda,-0.68,2006
646,Rwanda,-0.36,2007
646,Rwanda,-0.32,2008
646,Rwanda,-0.51,2009
646,Rwanda,-0.27,2010
646,Rwanda,-0.18,2011
646,Rwanda,-0.23,2012
646,Rwanda,-0.11,2013
646,Rwanda,-0.31,2014
646,Rwanda,0.01,2015
646,Rwanda,-0.05,2016
646,Rwanda,0.09,2017
646,Rwanda,0.12,2018
659,Saint Kitts and Nevis,0.9325,2001
659,Saint Kitts and Nevis,1.17,2003
659,Saint Kitts and Nevis,1.36,2004
659,Saint Kitts and Nevis,1.29,2005
659,Saint Kitts and Nevis,1.21,2006
659,Saint Kitts and Nevis,0.8,2007
659,Saint Kitts and Nevis,0.92,2008
659,Saint Kitts and Nevis,1.09,2009
659,Saint Kitts and Nevis,1.04,2010
659,Saint Kitts and Nevis,0.96,2011
659,Saint Kitts and Nevis,0.98,2012
659,Saint Kitts and Nevis,0.96,2013
659,Saint Kitts and Nevis,0.57,2014
659,Saint Kitts and Nevis,0.58,2015
659,Saint Kitts and Nevis,0.63,2016
659,Saint Kitts and Nevis,0.65,2017
659,Saint Kitts and Nevis,0.71,2018
662,Saint Lucia,1.22,2000
662,Saint Lucia,0.8805555555555555,2001
662,Saint Lucia,0.36,2002
662,Saint Lucia,1.17,2003
662,Saint Lucia,1.22,2004
662,Saint Lucia,1,2005
662,Saint Lucia,0.86,2006
662,Saint Lucia,0.62,2007
662,Saint Lucia,0.64,2008
662,Saint Lucia,0.69,2009
662,Saint Lucia,0.79,2010
662,Saint Lucia,0.85,2011
662,Saint Lucia,0.89,2012
662,Saint Lucia,0.85,2013
662,Saint Lucia,0.82,2014
662,Saint Lucia,0.85,2015
662,Saint Lucia,1.02,2016
662,Saint Lucia,0.99,2017
662,Saint Lucia,1.01,2018
670,Saint Vincent and the Grenadines,1.22,2000
670,Saint Vincent and the Grenadines,0.8833333333333333,2001
670,Saint Vincent and the Grenadines,0.36,2002
670,Saint Vincent and the Grenadines,0.76,2003
670,Saint Vincent and the Grenadines,1.03,2004
670,Saint Vincent and the Grenadines,1.15,2005
670,Saint Vincent and the Grenadines,1.06,2006
670,Saint Vincent and the Grenadines,0.79,2007
670,Saint Vincent and the Grenadines,0.8,2008
670,Saint Vincent and the Grenadines,0.73,2009
670,Saint Vincent and the Grenadines,0.79,2010
670,Saint Vincent and the Grenadines,0.85,2011
670,Saint Vincent and the Grenadines,0.93,2012
670,Saint Vincent and the Grenadines,0.85,2013
670,Saint Vincent and the Grenadines,0.82,2014
670,Saint Vincent and the Grenadines,1,2015
670,Saint Vincent and the Grenadines,1.02,2016
670,Saint Vincent and the Grenadines,0.89,2017
670,Saint Vincent and the Grenadines,0.85,2018
678,Sao Tome and Principe,1.15,2000
678,Sao Tome and Principe,0.316111111111111,2001
678,Sao Tome and Principe,0.55,2002
678,Sao Tome and Principe,0.26,2003
678,Sao Tome and Principe,0.57,2004
678,Sao Tome and Principe,0.58,2005
678,Sao Tome and Principe,0.35,2006
678,Sao Tome and Principe,0.39,2007
678,Sao Tome and Principe,0.18,2008
678,Sao Tome and Principe,0.15,2009
678,Sao Tome and Principe,0.12,2010
678,Sao Tome and Principe,0.01,2011
678,Sao Tome and Principe,0.01,2012
678,Sao Tome and Principe,0.11,2013
678,Sao Tome and Principe,0.18,2014
678,Sao Tome and Principe,0.14,2015
678,Sao Tome and Principe,0.22,2016
678,Sao Tome and Principe,0.19,2017
678,Sao Tome and Principe,0.53,2018
682,Saudi Arabia,0.23,2000
682,Saudi Arabia,-0.3572222222222222,2001
682,Saudi Arabia,0,2002
682,Saudi Arabia,0.14,2003
682,Saudi Arabia,-0.66,2004
682,Saudi Arabia,-0.24,2005
682,Saudi Arabia,-0.52,2006
682,Saudi Arabia,-0.47,2007
682,Saudi Arabia,-0.34,2008
682,Saudi Arabia,-0.49,2009
682,Saudi Arabia,-0.23,2010
682,Saudi Arabia,-0.46,2011
682,Saudi Arabia,-0.48,2012
682,Saudi Arabia,-0.43,2013
682,Saudi Arabia,-0.29,2014
682,Saudi Arabia,-0.63,2015
682,Saudi Arabia,-0.46,2016
682,Saudi Arabia,-0.58,2017
682,Saudi Arabia,-0.52,2018
686,Senegal,-0.59,2000
686,Senegal,-0.20444444444444443,2001
686,Senegal,-0.27,2002
686,Senegal,-0.25,2003
686,Senegal,0.03,2004
686,Senegal,-0.2,2005
686,Senegal,-0.26,2006
686,Senegal,-0.24,2007
686,Senegal,-0.15,2008
686,Senegal,-0.2,2009
686,Senegal,-0.42,2010
686,Senegal,-0.28,2011
686,Senegal,-0.11,2012
686,Senegal,-0.06,2013
686,Senegal,-0.2,2014
686,Senegal,-0.12,2015
686,Senegal,-0.22,2016
686,Senegal,-0.05,2017
686,Senegal,-0.09,2018
688,Serbia,-1.64,2000
688,Serbia,-0.3572222222222221,2001
688,Serbia,-0.51,2002
688,Serbia,-0.58,2003
688,Serbia,-0.51,2004
688,Serbia,-0.77,2005
688,Serbia,-0.54,2006
688,Serbia,-0.59,2007
688,Serbia,-0.54,2008
688,Serbia,-0.48,2009
688,Serbia,-0.42,2010
688,Serbia,-0.28,2011
688,Serbia,-0.22,2012
688,Serbia,-0.08,2013
688,Serbia,0.18,2014
688,Serbia,0.24,2015
688,Serbia,0.14,2016
688,Serbia,0.09,2017
688,Serbia,0.08,2018
690,Seychelles,1.28,2000
690,Seychelles,0.7838888888888889,2001
690,Seychelles,0.9,2002
690,Seychelles,0.65,2003
690,Seychelles,0.66,2004
690,Seychelles,0.93,2005
690,Seychelles,0.91,2006
690,Seychelles,0.79,2007
690,Seychelles,0.75,2008
690,Seychelles,0.6,2009
690,Seychelles,0.86,2010
690,Seychelles,0.94,2011
690,Seychelles,0.74,2012
690,Seychelles,0.83,2013
690,Seychelles,0.36,2014
690,Seychelles,0.69,2015
690,Seychelles,0.73,2016
690,Seychelles,0.79,2017
690,Seychelles,0.7,2018
694,Sierra Leone,-1.87,2000
694,Sierra Leone,-0.3783333333333332,2001
694,Sierra Leone,-0.69,2002
694,Sierra Leone,-1.08,2003
694,Sierra Leone,-0.51,2004
694,Sierra Leone,-0.48,2005
694,Sierra Leone,-0.3,2006
694,Sierra Leone,-0.06,2007
694,Sierra Leone,-0.24,2008
694,Sierra Leone,-0.29,2009
694,Sierra Leone,-0.24,2010
694,Sierra Leone,-0.17,2011
694,Sierra Leone,-0.28,2012
694,Sierra Leone,-0.17,2013
694,Sierra Leone,-0.1,2014
694,Sierra Leone,-0.1,2015
694,Sierra Leone,-0.16,2016
694,Sierra Leone,-0.04,2017
694,Sierra Leone,-0.03,2018
702,Singapore,1.14,2000
702,Singapore,1.2622222222222221,2001
702,Singapore,1.26,2002
702,Singapore,0.88,2003
702,Singapore,1.09,2004
702,Singapore,1.16,2005
702,Singapore,1.25,2006
702,Singapore,1.17,2007
702,Singapore,1.35,2008
702,Singapore,1.18,2009
702,Singapore,1.17,2010
702,Singapore,1.19,2011
702,Singapore,1.37,2012
702,Singapore,1.38,2013
702,Singapore,1.19,2014
702,Singapore,1.31,2015
702,Singapore,1.5,2016
702,Singapore,1.62,2017
702,Singapore,1.51,2018
703,Slovakia,0.66,2000
703,Slovakia,0.9099999999999999,2001
703,Slovakia,0.94,2002
703,Slovakia,0.95,2003
703,Slovakia,0.59,2004
703,Slovakia,0.9,2005
703,Slovakia,0.78,2006
703,Slovakia,1.04,2007
703,Slovakia,1.08,2008
703,Slovakia,0.92,2009
703,Slovakia,1.05,2010
703,Slovakia,0.97,2011
703,Slovakia,1.09,2012
703,Slovakia,1.12,2013
703,Slovakia,1.04,2014
703,Slovakia,0.87,2015
703,Slovakia,0.72,2016
703,Slovakia,0.91,2017
703,Slovakia,0.75,2018
704,Viet Nam,0.41,2000
704,Viet Nam,0.235,2001
704,Viet Nam,0.35,2002
704,Viet Nam,0.13,2003
704,Viet Nam,0.15,2004
704,Viet Nam,0.48,2005
704,Viet Nam,0.4,2006
704,Viet Nam,0.25,2007
704,Viet Nam,0.16,2008
704,Viet Nam,0.27,2009
704,Viet Nam,0.15,2010
704,Viet Nam,0.19,2011
704,Viet Nam,0.27,2012
704,Viet Nam,0.25,2013
704,Viet Nam,-0.02,2014
704,Viet Nam,0.07,2015
704,Viet Nam,0.23,2016
704,Viet Nam,0.29,2017
704,Viet Nam,0.2,2018
705,Slovenia,0.89,2000
705,Slovenia,1.008888888888889,2001
705,Slovenia,1.3,2002
705,Slovenia,1.19,2003
705,Slovenia,1.08,2004
705,Slovenia,1.09,2005
705,Slovenia,1.08,2006
705,Slovenia,1.1,2007
705,Slovenia,1.15,2008
705,Slovenia,0.93,2009
705,Slovenia,0.87,2010
705,Slovenia,0.97,2011
705,Slovenia,0.94,2012
705,Slovenia,0.88,2013
705,Slovenia,0.97,2014
705,Slovenia,0.95,2015
705,Slovenia,0.99,2016
705,Slovenia,0.87,2017
705,Slovenia,0.91,2018
706,Somalia,-1.95,2000
706,Somalia,-2.7016666666666667,2001
706,Somalia,-2.38,2002
706,Somalia,-2.58,2003
706,Somalia,-2.88,2004
706,Somalia,-2.71,2005
706,Somalia,-2.75,2006
706,Somalia,-3.22,2007
706,Somalia,-3.28,2008
706,Somalia,-3.31,2009
706,Somalia,-3.13,2010
706,Somalia,-3.08,2011
706,Somalia,-2.86,2012
706,Somalia,-2.76,2013
706,Somalia,-2.52,2014
706,Somalia,-2.38,2015
706,Somalia,-2.36,2016
706,Somalia,-2.26,2017
706,Somalia,-2.22,2018
710,South Africa,-0.23,2000
710,South Africa,-0.1122222222222222,2001
710,South Africa,-0.25,2002
710,South Africa,-0.31,2003
710,South Africa,-0.13,2004
710,South Africa,-0.16,2005
710,South Africa,0.05,2006
710,South Africa,0.22,2007
710,South Africa,0.05,2008
710,South Africa,-0.11,2009
710,South Africa,-0.03,2010
710,South Africa,0.02,2011
710,South Africa,-0.03,2012
710,South Africa,-0.05,2013
710,South Africa,-0.15,2014
710,South Africa,-0.21,2015
710,South Africa,-0.14,2016
710,South Africa,-0.28,2017
710,South Africa,-0.28,2018
716,Zimbabwe,-1.32,2000
716,Zimbabwe,-0.9833333333333334,2001
716,Zimbabwe,-1.52,2002
716,Zimbabwe,-1.09,2003
716,Zimbabwe,-1.21,2004
716,Zimbabwe,-1.27,2005
716,Zimbabwe,-0.93,2006
716,Zimbabwe,-1.11,2007
716,Zimbabwe,-1.21,2008
716,Zimbabwe,-1.17,2009
716,Zimbabwe,-1.1,2010
716,Zimbabwe,-0.95,2011
716,Zimbabwe,-0.78,2012
716,Zimbabwe,-0.67,2013
716,Zimbabwe,-0.71,2014
716,Zimbabwe,-0.62,2015
716,Zimbabwe,-0.62,2016
716,Zimbabwe,-0.71,2017
716,Zimbabwe,-0.71,2018
724,Spain,0.46,2000
724,Spain,0.04444444444444451,2001
724,Spain,0.44,2002
724,Spain,-0.04,2003
724,Spain,-0.09,2004
724,Spain,0.2,2005
724,Spain,-0.15,2006
724,Spain,-0.28,2007
724,Spain,-0.38,2008
724,Spain,-0.47,2009
724,Spain,-0.32,2010
724,Spain,0.02,2011
724,Spain,-0.03,2012
724,Spain,0.01,2013
724,Spain,0.24,2014
724,Spain,0.25,2015
724,Spain,0.41,2016
724,Spain,0.28,2017
724,Spain,0.25,2018
728,South Sudan,-2.0825,2001
728,South Sudan,-1.43,2011
728,South Sudan,-1.16,2012
728,South Sudan,-1.73,2013
728,South Sudan,-2.65,2014
728,South Sudan,-2.38,2015
728,South Sudan,-2.42,2016
728,South Sudan,-2.45,2017
728,South Sudan,-2.44,2018
729,Sudan,-2.24,2000
729,Sudan,-2.1972222222222224,2001
729,Sudan,-1.84,2002
729,Sudan,-1.98,2003
729,Sudan,-1.55,2004
729,Sudan,-1.98,2005
729,Sudan,-2.14,2006
729,Sudan,-2.36,2007
729,Sudan,-2.49,2008
729,Sudan,-2.65,2009
729,Sudan,-2.67,2010
729,Sudan,-2.52,2011
729,Sudan,-2.26,2012
729,Sudan,-2.19,2013
729,Sudan,-2.36,2014
729,Sudan,-2.16,2015
729,Sudan,-2.34,2016
729,Sudan,-1.98,2017
729,Sudan,-1.84,2018
740,Suriname,0.21,2000
740,Suriname,0.17833333333333334,2001
740,Suriname,0.49,2002
740,Suriname,0.48,2003
740,Suriname,0.3,2004
740,Suriname,0.23,2005
740,Suriname,-0.02,2006
740,Suriname,-0.02,2007
740,Suriname,0.1,2008
740,Suriname,0.15,2009
740,Suriname,0.08,2010
740,Suriname,0.12,2011
740,Suriname,0.08,2012
740,Suriname,0.13,2013
740,Suriname,0.25,2014
740,Suriname,0.26,2015
740,Suriname,0.16,2016
740,Suriname,0.13,2017
740,Suriname,0.08,2018
748,Eswatini,0.04,2000
748,Eswatini,-0.2183333333333333,2001
748,Eswatini,0.13,2002
748,Eswatini,0.07,2003
748,Eswatini,-0.01,2004
748,Eswatini,-0.4,2005
748,Eswatini,-0.27,2006
748,Eswatini,0.05,2007
748,Eswatini,-0.08,2008
748,Eswatini,-0.01,2009
748,Eswatini,-0.08,2010
748,Eswatini,-0.48,2011
748,Eswatini,-0.41,2012
748,Eswatini,-0.43,2013
748,Eswatini,-0.5,2014
748,Eswatini,-0.48,2015
748,Eswatini,-0.49,2016
748,Eswatini,-0.27,2017
748,Eswatini,-0.31,2018
752,Sweden,1.39,2000
752,Sweden,1.1777777777777778,2001
752,Sweden,1.48,2002
752,Sweden,1.34,2003
752,Sweden,1.36,2004
752,Sweden,1.3,2005
752,Sweden,1.29,2006
752,Sweden,1.27,2007
752,Sweden,1.13,2008
752,Sweden,1.09,2009
752,Sweden,1.09,2010
752,Sweden,1.23,2011
752,Sweden,1.17,2012
752,Sweden,1.13,2013
752,Sweden,1.07,2014
752,Sweden,0.95,2015
752,Sweden,1.02,2016
752,Sweden,0.98,2017
752,Sweden,0.91,2018
756,Switzerland,1.58,2000
756,Switzerland,1.3255555555555556,2001
756,Switzerland,1.54,2002
756,Switzerland,1.25,2003
756,Switzerland,1.23,2004
756,Switzerland,1.2,2005
756,Switzerland,1.27,2006
756,Switzerland,1.23,2007
756,Switzerland,1.22,2008
756,Switzerland,1.31,2009
756,Switzerland,1.26,2010
756,Switzerland,1.3,2011
756,Switzerland,1.42,2012
756,Switzerland,1.4,2013
756,Switzerland,1.4,2014
756,Switzerland,1.34,2015
756,Switzerland,1.31,2016
756,Switzerland,1.26,2017
756,Switzerland,1.34,2018
760,Syrian Arab Republic,-0.18,2000
760,Syrian Arab Republic,-1.3466666666666667,2001
760,Syrian Arab Republic,0.28,2002
760,Syrian Arab Republic,0.06,2003
760,Syrian Arab Republic,-0.29,2004
760,Syrian Arab Republic,-0.46,2005
760,Syrian Arab Republic,-0.28,2006
760,Syrian Arab Republic,-0.34,2007
760,Syrian Arab Republic,-0.34,2008
760,Syrian Arab Republic,-0.51,2009
760,Syrian Arab Republic,-0.81,2010
760,Syrian Arab Republic,-2.01,2011
760,Syrian Arab Republic,-2.68,2012
760,Syrian Arab Republic,-2.68,2013
760,Syrian Arab Republic,-2.75,2014
760,Syrian Arab Republic,-2.97,2015
760,Syrian Arab Republic,-2.92,2016
760,Syrian Arab Republic,-2.62,2017
760,Syrian Arab Republic,-2.74,2018
762,Tajikistan,-1.65,2000
762,Tajikistan,-1.0355555555555556,2001
762,Tajikistan,-0.98,2002
762,Tajikistan,-1.1,2003
762,Tajikistan,-1.31,2004
762,Tajikistan,-1.39,2005
762,Tajikistan,-1.39,2006
762,Tajikistan,-0.75,2007
762,Tajikistan,-0.83,2008
762,Tajikistan,-1.03,2009
762,Tajikistan,-1.03,2010
762,Tajikistan,-1.02,2011
762,Tajikistan,-1.24,2012
762,Tajikistan,-1.18,2013
762,Tajikistan,-0.69,2014
762,Tajikistan,-0.88,2015
762,Tajikistan,-0.78,2016
762,Tajikistan,-0.67,2017
762,Tajikistan,-0.72,2018
764,Thailand,0.46,2000
764,Thailand,-0.8422222222222224,2001
764,Thailand,0.51,2002
764,Thailand,-0.14,2003
764,Thailand,-0.72,2004
764,Thailand,-0.87,2005
764,Thailand,-1.13,2006
764,Thailand,-1.11,2007
764,Thailand,-1.27,2008
764,Thailand,-1.42,2009
764,Thailand,-1.44,2010
764,Thailand,-1.13,2011
764,Thailand,-1.22,2012
764,Thailand,-1.31,2013
764,Thailand,-0.91,2014
764,Thailand,-0.99,2015
764,Thailand,-0.99,2016
764,Thailand,-0.75,2017
764,Thailand,-0.73,2018
768,Togo,-0.29,2000
768,Togo,-0.3844444444444444,2001
768,Togo,0.05,2002
768,Togo,-0.19,2003
768,Togo,-0.32,2004
768,Togo,-1.45,2005
768,Togo,-0.53,2006
768,Togo,-0.34,2007
768,Togo,-0.17,2008
768,Togo,-0.17,2009
768,Togo,-0.18,2010
768,Togo,-0.16,2011
768,Togo,-0.39,2012
768,Togo,-0.35,2013
768,Togo,-0.17,2014
768,Togo,-0.23,2015
768,Togo,-0.17,2016
768,Togo,-0.88,2017
768,Togo,-0.98,2018
776,Tonga,0.6975,2001
776,Tonga,0.63,2003
776,Tonga,0.82,2004
776,Tonga,0.68,2005
776,Tonga,0.47,2006
776,Tonga,0.28,2007
776,Tonga,0.28,2008
776,Tonga,0.21,2009
776,Tonga,0.69,2010
776,Tonga,0.94,2011
776,Tonga,0.89,2012
776,Tonga,0.94,2013
776,Tonga,0.85,2014
776,Tonga,0.89,2015
776,Tonga,0.92,2016
776,Tonga,0.79,2017
776,Tonga,0.88,2018
780,Trinidad and Tobago,0.15,2000
780,Trinidad and Tobago,0.03166666666666669,2001
780,Trinidad and Tobago,-0.09,2002
780,Trinidad and Tobago,-0.25,2003
780,Trinidad and Tobago,-0.07,2004
780,Trinidad and Tobago,-0.12,2005
780,Trinidad and Tobago,-0.24,2006
780,Trinidad and Tobago,-0.19,2007
780,Trinidad and Tobago,-0.12,2008
780,Trinidad and Tobago,-0.14,2009
780,Trinidad and Tobago,-0.05,2010
780,Trinidad and Tobago,0.14,2011
780,Trinidad and Tobago,0.1,2012
780,Trinidad and Tobago,0.09,2013
780,Trinidad and Tobago,0.25,2014
780,Trinidad and Tobago,0.29,2015
780,Trinidad and Tobago,0.29,2016
780,Trinidad and Tobago,0.28,2017
780,Trinidad and Tobago,0.25,2018
784,United Arab Emirates,0.98,2000
784,United Arab Emirates,0.8327777777777778,2001
784,United Arab Emirates,0.93,2002
784,United Arab Emirates,1,2003
784,United Arab Emirates,0.77,2004
784,United Arab Emirates,0.88,2005
784,United Arab Emirates,0.92,2006
784,United Arab Emirates,0.98,2007
784,United Arab Emirates,0.7,2008
784,United Arab Emirates,0.92,2009
784,United Arab Emirates,0.8,2010
784,United Arab Emirates,0.91,2011
784,United Arab Emirates,0.86,2012
784,United Arab Emirates,0.89,2013
784,United Arab Emirates,0.77,2014
784,United Arab Emirates,0.76,2015
784,United Arab Emirates,0.56,2016
784,United Arab Emirates,0.62,2017
784,United Arab Emirates,0.74,2018
788,Tunisia,0.32,2000
788,Tunisia,-0.3005555555555555,2001
788,Tunisia,0.15,2002
788,Tunisia,0.32,2003
788,Tunisia,0.15,2004
788,Tunisia,0.02,2005
788,Tunisia,0.21,2006
788,Tunisia,0.16,2007
788,Tunisia,0.1,2008
788,Tunisia,0.06,2009
788,Tunisia,-0.06,2010
788,Tunisia,-0.35,2011
788,Tunisia,-0.72,2012
788,Tunisia,-0.9,2013
788,Tunisia,-0.85,2014
788,Tunisia,-0.96,2015
788,Tunisia,-1.14,2016
788,Tunisia,-1.02,2017
788,Tunisia,-0.9,2018
792,Turkey,-0.8,2000
792,Turkey,-1.0627777777777778,2001
792,Turkey,-0.81,2002
792,Turkey,-0.77,2003
792,Turkey,-0.83,2004
792,Turkey,-0.6,2005
792,Turkey,-0.59,2006
792,Turkey,-0.82,2007
792,Turkey,-0.82,2008
792,Turkey,-1.03,2009
792,Turkey,-0.92,2010
792,Turkey,-0.96,2011
792,Turkey,-1.22,2012
792,Turkey,-1.25,2013
792,Turkey,-1.09,2014
792,Turkey,-1.49,2015
792,Turkey,-2.01,2016
792,Turkey,-1.79,2017
792,Turkey,-1.33,2018
795,Turkmenistan,0.01,2000
795,Turkmenistan,0.11166666666666666,2001
795,Turkmenistan,0.07,2002
795,Turkmenistan,0.05,2003
795,Turkmenistan,-0.12,2004
795,Turkmenistan,0.07,2005
795,Turkmenistan,-0.25,2006
795,Turkmenistan,0.28,2007
795,Turkmenistan,0.53,2008
795,Turkmenistan,0.48,2009
795,Turkmenistan,0.33,2010
795,Turkmenistan,0.23,2011
795,Turkmenistan,0.43,2012
795,Turkmenistan,0.25,2013
795,Turkmenistan,0.07,2014
795,Turkmenistan,-0.09,2015
795,Turkmenistan,-0.19,2016
795,Turkmenistan,-0.13,2017
795,Turkmenistan,-0.01,2018
798,Tuvalu,1.331875,2001
798,Tuvalu,1.17,2003
798,Tuvalu,1.27,2004
798,Tuvalu,1.38,2005
798,Tuvalu,1.35,2006
798,Tuvalu,1.34,2007
798,Tuvalu,1.34,2008
798,Tuvalu,1.4,2009
798,Tuvalu,1.42,2010
798,Tuvalu,1.3,2011
798,Tuvalu,1.29,2012
798,Tuvalu,1.28,2013
798,Tuvalu,1.3,2014
798,Tuvalu,1.39,2015
798,Tuvalu,1.41,2016
798,Tuvalu,1.24,2017
798,Tuvalu,1.43,2018
800,Uganda,-1.25,2000
800,Uganda,-1.0166666666666666,2001
800,Uganda,-1.42,2002
800,Uganda,-1.56,2003
800,Uganda,-1.31,2004
800,Uganda,-1.42,2005
800,Uganda,-1.14,2006
800,Uganda,-0.92,2007
800,Uganda,-0.88,2008
800,Uganda,-0.99,2009
800,Uganda,-1,2010
800,Uganda,-0.98,2011
800,Uganda,-0.87,2012
800,Uganda,-0.84,2013
800,Uganda,-0.94,2014
800,Uganda,-0.8,2015
800,Uganda,-0.72,2016
800,Uganda,-0.57,2017
800,Uganda,-0.69,2018
804,Ukraine,-0.41,2000
804,Ukraine,-0.6905555555555556,2001
804,Ukraine,-0.3,2002
804,Ukraine,-0.36,2003
804,Ukraine,-0.47,2004
804,Ukraine,-0.29,2005
804,Ukraine,-0.04,2006
804,Ukraine,0.17,2007
804,Ukraine,0.04,2008
804,Ukraine,-0.3,2009
804,Ukraine,0.01,2010
804,Ukraine,-0.07,2011
804,Ukraine,-0.09,2012
804,Ukraine,-0.78,2013
804,Ukraine,-2.02,2014
804,Ukraine,-1.96,2015
804,Ukraine,-1.86,2016
804,Ukraine,-1.87,2017
804,Ukraine,-1.83,2018
807,North Macedonia,-0.62,2000
807,North Macedonia,-0.5172222222222222,2001
807,North Macedonia,-1.04,2002
807,North Macedonia,-0.99,2003
807,North Macedonia,-0.85,2004
807,North Macedonia,-1.16,2005
807,North Macedonia,-0.74,2006
807,North Macedonia,-0.43,2007
807,North Macedonia,-0.3,2008
807,North Macedonia,-0.3,2009
807,North Macedonia,-0.52,2010
807,North Macedonia,-0.62,2011
807,North Macedonia,-0.49,2012
807,North Macedonia,-0.42,2013
807,North Macedonia,0.26,2014
807,North Macedonia,-0.29,2015
807,North Macedonia,-0.35,2016
807,North Macedonia,-0.25,2017
807,North Macedonia,-0.2,2018
818,Egypt,0.05,2000
818,Egypt,-0.9738888888888888,2001
818,Egypt,-0.41,2002
818,Egypt,-0.64,2003
818,Egypt,-0.82,2004
818,Egypt,-0.63,2005
818,Egypt,-0.84,2006
818,Egypt,-0.55,2007
818,Egypt,-0.51,2008
818,Egypt,-0.61,2009
818,Egypt,-0.9,2010
818,Egypt,-1.44,2011
818,Egypt,-1.44,2012
818,Egypt,-1.64,2013
818,Egypt,-1.63,2014
818,Egypt,-1.5,2015
818,Egypt,-1.44,2016
818,Egypt,-1.42,2017
818,Egypt,-1.16,2018
826,United Kingdom of Great Britain and Northern Ireland,1.04,2000
826,United Kingdom of Great Britain and Northern Ireland,0.41388888888888886,2001
826,United Kingdom of Great Britain and Northern Ireland,0.68,2002
826,United Kingdom of Great Britain and Northern Ireland,0.27,2003
826,United Kingdom of Great Britain and Northern Ireland,0.14,2004
826,United Kingdom of Great Britain and Northern Ireland,0.13,2005
826,United Kingdom of Great Britain and Northern Ireland,0.67,2006
826,United Kingdom of Great Britain and Northern Ireland,0.58,2007
826,United Kingdom of Great Britain and Northern Ireland,0.49,2008
826,United Kingdom of Great Britain and Northern Ireland,0.12,2009
826,United Kingdom of Great Britain and Northern Ireland,0.41,2010
826,United Kingdom of Great Britain and Northern Ireland,0.35,2011
826,United Kingdom of Great Britain and Northern Ireland,0.4,2012
826,United Kingdom of Great Britain and Northern Ireland,0.49,2013
826,United Kingdom of Great Britain and Northern Ireland,0.42,2014
826,United Kingdom of Great Britain and Northern Ireland,0.52,2015
826,United Kingdom of Great Britain and Northern Ireland,0.36,2016
826,United Kingdom of Great Britain and Northern Ireland,0.33,2017
826,United Kingdom of Great Britain and Northern Ireland,0.05,2018
834,United Republic of Tanzania,-0.7,2000
834,United Republic of Tanzania,-0.36888888888888893,2001
834,United Republic of Tanzania,-0.25,2002
834,United Republic of Tanzania,-0.85,2003
834,United Republic of Tanzania,-0.67,2004
834,United Republic of Tanzania,-0.58,2005
834,United Republic of Tanzania,-0.36,2006
834,United Republic of Tanzania,-0.39,2007
834,United Republic of Tanzania,-0.23,2008
834,United Republic of Tanzania,0.09,2009
834,United Republic of Tanzania,0.01,2010
834,United Republic of Tanzania,-0.02,2011
834,United Republic of Tanzania,0.05,2012
834,United Republic of Tanzania,-0.16,2013
834,United Republic of Tanzania,-0.6,2014
834,United Republic of Tanzania,-0.42,2015
834,United Republic of Tanzania,-0.44,2016
834,United Republic of Tanzania,-0.56,2017
834,United Republic of Tanzania,-0.56,2018
840,United States of America,1.08,2000
840,United States of America,0.4361111111111112,2001
840,United States of America,0.29,2002
840,United States of America,0.08,2003
840,United States of America,-0.23,2004
840,United States of America,-0.06,2005
840,United States of America,0.49,2006
840,United States of America,0.38,2007
840,United States of America,0.59,2008
840,United States of America,0.45,2009
840,United States of America,0.44,2010
840,United States of America,0.59,2011
840,United States of America,0.63,2012
840,United States of America,0.64,2013
840,United States of America,0.58,2014
840,United States of America,0.68,2015
840,United States of America,0.4,2016
840,United States of America,0.34,2017
840,United States of America,0.48,2018
854,Burkina Faso,0.06,2000
854,Burkina Faso,-0.33055555555555555,2001
854,Burkina Faso,-0.31,2002
854,Burkina Faso,0.07,2003
854,Burkina Faso,-0.08,2004
854,Burkina Faso,-0.06,2005
854,Burkina Faso,0.16,2006
854,Burkina Faso,0.31,2007
854,Burkina Faso,0.12,2008
854,Burkina Faso,0.03,2009
854,Burkina Faso,-0.12,2010
854,Burkina Faso,-0.56,2011
854,Burkina Faso,-0.57,2012
854,Burkina Faso,-0.76,2013
854,Burkina Faso,-0.79,2014
854,Burkina Faso,-0.61,2015
854,Burkina Faso,-0.87,2016
854,Burkina Faso,-0.93,2017
854,Burkina Faso,-1.04,2018
858,Uruguay,0.93,2000
858,Uruguay,0.8705555555555555,2001
858,Uruguay,0.84,2002
858,Uruguay,0.71,2003
858,Uruguay,0.59,2004
858,Uruguay,0.78,2005
858,Uruguay,0.9,2006
858,Uruguay,0.84,2007
858,Uruguay,0.85,2008
858,Uruguay,0.79,2009
858,Uruguay,0.82,2010
858,Uruguay,0.96,2011
858,Uruguay,0.71,2012
858,Uruguay,0.8,2013
858,Uruguay,0.99,2014
858,Uruguay,1,2015
858,Uruguay,1.06,2016
858,Uruguay,1.05,2017
858,Uruguay,1.05,2018
860,Uzbekistan,-1.31,2000
860,Uzbekistan,-0.8999999999999999,2001
860,Uzbekistan,-1.06,2002
860,Uzbekistan,-1.3,2003
860,Uzbekistan,-1.46,2004
860,Uzbekistan,-1.96,2005
860,Uzbekistan,-1.78,2006
860,Uzbekistan,-1.36,2007
860,Uzbekistan,-1.21,2008
860,Uzbekistan,-0.95,2009
860,Uzbekistan,-0.72,2010
860,Uzbekistan,-0.6,2011
860,Uzbekistan,-0.52,2012
860,Uzbekistan,-0.54,2013
860,Uzbekistan,-0.27,2014
860,Uzbekistan,-0.37,2015
860,Uzbekistan,-0.27,2016
860,Uzbekistan,-0.24,2017
860,Uzbekistan,-0.28,2018
862,Venezuela (Bolivarian Republic of),-0.76,2000
862,Venezuela (Bolivarian Republic of),-1.1655555555555557,2001
862,Venezuela (Bolivarian Republic of),-1.32,2002
862,Venezuela (Bolivarian Republic of),-1.29,2003
862,Venezuela (Bolivarian Republic of),-1.39,2004
862,Venezuela (Bolivarian Republic of),-1.25,2005
862,Venezuela (Bolivarian Republic of),-1.25,2006
862,Venezuela (Bolivarian Republic of),-1.23,2007
862,Venezuela (Bolivarian Republic of),-1.31,2008
862,Venezuela (Bolivarian Republic of),-1.28,2009
862,Venezuela (Bolivarian Republic of),-1.26,2010
862,Venezuela (Bolivarian Republic of),-1.09,2011
862,Venezuela (Bolivarian Republic of),-1.03,2012
862,Venezuela (Bolivarian Republic of),-1.08,2013
862,Venezuela (Bolivarian Republic of),-0.85,2014
862,Venezuela (Bolivarian Republic of),-0.98,2015
862,Venezuela (Bolivarian Republic of),-1.02,2016
862,Venezuela (Bolivarian Republic of),-1.25,2017
862,Venezuela (Bolivarian Republic of),-1.34,2018
882,Samoa,1.28,2000
882,Samoa,1.0955555555555556,2001
882,Samoa,1.1,2002
882,Samoa,1.27,2003
882,Samoa,1.16,2004
882,Samoa,1.13,2005
882,Samoa,1.1,2006
882,Samoa,1,2007
882,Samoa,1.1,2008
882,Samoa,0.96,2009
882,Samoa,0.77,2010
882,Samoa,0.99,2011
882,Samoa,1,2012
882,Samoa,0.99,2013
882,Samoa,1.12,2014
882,Samoa,1.18,2015
882,Samoa,1.2,2016
882,Samoa,1.18,2017
882,Samoa,1.19,2018
887,Yemen,-1.14,2000
887,Yemen,-2.107222222222222,2001
887,Yemen,-1.31,2002
887,Yemen,-1.48,2003
887,Yemen,-1.55,2004
887,Yemen,-1.44,2005
887,Yemen,-1.35,2006
887,Yemen,-1.59,2007
887,Yemen,-2.01,2008
887,Yemen,-2.33,2009
887,Yemen,-2.42,2010
887,Yemen,-2.43,2011
887,Yemen,-2.43,2012
887,Yemen,-2.37,2013
887,Yemen,-2.67,2014
887,Yemen,-2.68,2015
887,Yemen,-2.79,2016
887,Yemen,-2.94,2017
887,Yemen,-3,2018
894,Zambia,0.03,2000
894,Zambia,0.27222222222222225,2001
894,Zambia,-0.28,2002
894,Zambia,0.22,2003
894,Zambia,0.19,2004
894,Zambia,0.11,2005
894,Zambia,0.36,2006
894,Zambia,0.36,2007
894,Zambia,0.47,2008
894,Zambia,0.57,2009
894,Zambia,0.52,2010
894,Zambia,0.51,2011
894,Zambia,0.66,2012
894,Zambia,0.44,2013
894,Zambia,0.16,2014
894,Zambia,0.15,2015
894,Zambia,0.14,2016
894,Zambia,0.15,2017
894,Zambia,0.14,2018
